<?xml version="1.0" encoding="utf-8"?>
<group>
<!-- START -->
    <action shell="hidden" confirm="true" auto-off="true" auto-finish="true" >
        <title>重启</title>
        <set>reboot</set>
    </action>
<!-- END -->
<!-- START -->
    <action shell="hidden" confirm="true" auto-off="true" auto-finish="true" >
        <title>热重启</title>
        <set>killall -9 zygote || setprop ctl.restart zygote</set>
    </action>
<!-- END -->
<!-- START -->
    <action shell="hidden" confirm="true" auto-off="true" auto-finish="true" >
        <title>重启 SystemUI</title>
        <set>pkill -f com.android.systemui</set>
    </action>
<!-- END -->
<!-- START -->
    <action shell="hidden" confirm="true" auto-off="true" auto-finish="true" >
        <title>重启至安全模式</title>
        <set>setprop persist.sys.safemode 1 &#38;&#38; reboot</set>
    </action>
<!-- END -->
<!-- START -->
    <action shell="hidden" confirm="true" auto-off="true" auto-finish="true" >
        <title>重启至 Recovery</title>
        <set>reboot recovery</set>
    </action>
<!-- END -->
<!-- START -->
    <action shell="hidden" confirm="true" auto-off="true" auto-finish="true" >
        <title>重启至 Bootloader</title>
        <set>reboot bootloader</set>
    </action>
<!-- END -->
<!-- START -->
    <action shell="hidden" confirm="true" auto-off="true" auto-finish="true" >
        <title>重启至 9008/EDL</title>
        <set>reboot edl</set>
    </action>
<!-- END -->
<!-- START -->
    <action shell="hidden" confirm="true" auto-off="true" auto-finish="true" >
        <title>重启至 Sideload</title>
        <set>reboot sideload</set>
    </action>
<!-- END -->

<!-- START -->
    <action shell="hidden" confirm="true" auto-off="true" auto-finish="true" >
        <title>重启至下载模式</title>
        <set>reboot download</set>
    </action>
<!-- END -->
<!-- START -->
    <action shell="hidden" confirm="true" auto-off="true" auto-finish="true" >
        <title>关机</title>
        <set>reboot -p</set>
    </action>
<!-- END -->
</group>
