<?xml version="1.0" encoding="utf-8"?>
<group title="下面⑧项：为强制重启系列、意思就是不关机重启">
<!-- START -->
    <action shell="hidden" confirm="true" auto-off="true" auto-finish="true" >
        <title>重启</title>
        <set>reboot</set>
    </action>
<!-- END -->
<!-- START -->
    <action shell="hidden" confirm="true" auto-off="true" auto-finish="true" >
        <title>重启至Recovery</title>
        <set>reboot recovery</set>
    </action>
<!-- END -->
<!-- START -->
    <action shell="hidden" confirm="true" auto-off="true" auto-finish="true" >
        <title>重启至Sideload</title>
        <set>reboot sideload</set>
    </action>
<!-- END -->
<!-- START -->
    <action shell="hidden" confirm="true" auto-off="true" auto-finish="true" >
        <title>重启至FastBoot</title>
        <set>reboot bootloader</set>
    </action>
<!-- END -->
<!-- START -->
    <action shell="hidden" confirm="true" auto-off="true" auto-finish="true" >
        <title>重启内核/热重启/软重启/快速重启</title>
        <set>killall -9 zygote || setprop ctl.restart zygote</set>
    </action>
<!-- END -->
<!-- START -->
    <action shell="hidden" confirm="true" auto-off="true" auto-finish="true" >
        <title>重启至下载模式</title>
        <summary>理论上应该只有三星设备可用</summary>
        <set>reboot download</set>
    </action>
<!-- END -->
<!-- START -->
    <action shell="hidden" confirm="true" auto-off="true" auto-finish="true" >
        <title>重启至安全模式</title>
        <desc>只加载系统必要程序，系统之外的第三方程序或文件统统不会启动。需要退出安全模式，只要重启就可以退出</desc>
        <set>setprop persist.sys.safemode 1 &#38;&#38; reboot</set>
    </action>
<!-- END -->
<!-- START -->
    <action shell="hidden" confirm="true" auto-off="true" auto-finish="true" >
        <title>重启至9008/EDL</title>
        <desc>如果长按电源键无法退出9008，可以尝试按住电源音量加音量减一起长按</desc>
        <set>reboot edl</set>
    </action>
<!-- END -->
<!-- START -->
    <action shell="hidden" confirm="true" auto-off="true" auto-finish="true" >
        <title>关机</title>
        <set>reboot -p</set>
    </action>
<!-- END -->
</group>
<group title="其它">
<!-- START -->
    <action shell="hidden" confirm="true" auto-off="true" auto-finish="true" >
        <title>重启SystemUI</title>
        <set>pkill -f com.android.systemui</set>
    </action>
<!-- END -->
</group>
