<?xml version="1.0" encoding="utf-8"?>
<group title="第一屏">
<!-- START -->
    <action interruptible="false">
        <title>whyred（红米note5专属选项）第一屏修改［内含18个动画］</title>
        <desc>whyred（红米note5专属选项）请勿在其它机型刷入，否则后果自负！</desc>
        <set>. ./Install_BootAnimation_Screen1.sh</set>
        <params>
            <param name="ChongQi" label="　是否刷入成功自动重启系统" type="switch" />
            <param name="Default" label="　打开此开关为恢复默认" type="switch" />
            <param name="BootAnimation_Screen1" title="选择要刷入的镜像" options-sh="cat ./Install_BootAnimation_Screen1_Option.sh" />
         </params>
    </action>
<!-- END -->
<!-- START -->
    <page config-sh=". ./Install_BootAnimation_Screen1_Page.sh">
        <title>自定义制作第一屏/FASTBOOT界面……</title>
        <summary>只适用于使用bmp格式的，可修改开机时第一屏、FASTBOOT界面、已解锁的界面、引导验证错误页面……&#x000A;当然不同设备图片个数顺序都不一样所以采用了动态方式获取不同设备的配置，并解析出所有图片</summary>
    </page>
<!-- END -->
</group>

<group title="第二屏">
<!-- START -->
    <action interruptible="true" visible=". ./support/Check_Brand_NO_samsung.sh">
        <title>随机开机动画第二屏「内置109个动画」</title>
        <summary>随机方式在开机后安装下一次的开机动画，让你永远也猜不到下一次开机是啥开机动画</summary>
        <set>. ./Random_Install_BootAnimation_Screen2.sh</set>
        <params>
            <param name="ChongQi" label="　是否刷入成功自动重启系统" type="switch" />
            <param name="bootanimation" title="安装路径" options-sh=". ./Install_BootAnimation_Screen2_PATH.sh" value-sh="grep_prop bootanimation $Data_Dir/Random_Install_BootAnimation_Screen2.log" required="true"/>
            <param name="Customize_lu" title="当上面选择自定义路径时生效" placeholder="请输入您系统开机动画文件所在的绝对路径" value-sh="grep_prop Customize_lu $Data_Dir/Random_Install_BootAnimation_Screen2.log" />
            <param name="Authority" label="设置权限" type="int" required="true" maxlength="3" value-sh="grep_prop Authority $Data_Dir/Random_Install_BootAnimation_Screen2.log || echo 644"/>
            <param name="Set_Time" title="在重启多久后安装下一次开机动画，时间单位：分钟" type="number" required="true" value-sh="grep_prop Set_Time $Data_Dir/Random_Install_BootAnimation_Screen2.log || echo 2"/>
            <param name="install_Way" label="选择安装方式" options-sh="printf '0|覆盖安装\n1|卸载重装'" value-sh="grep_prop install_Way $Data_Dir/Random_Install_BootAnimation_Screen2.log"/>
            <param name="BootAnimation_Screen2" multiple="true" title="选择想要的开机动画" options-sh="tail -n +2 ./Install_BootAnimation_Screen2_Option.sh" value-sh=". $Data_Dir/Random_Install_BootAnimation_Screen2.log; echo &#34;$BootAnimation_Screen2&#34;" />
            <param name="ZiDY_Screen2" title="如果你不喜欢内置的开机动画，可自定义开机动画" value-sh=". $Data_Dir/Random_Install_BootAnimation_Screen2.log; echo &#34;$ZiDY_Screen2&#34;" desc="可输入要自定义的开机动画文件绝对路径，无需重命名为bootanimation.zip。多个文件回车换行即可，警告：路径中不要有空格和特殊符号。&#x000A;温馨提示：可用「MT管理器」长按目录或文件 -->点属性 -->点击目录即可复制目录绝对路径，长按目录或长按名称即可复制文件绝对路径" />
        </params>
    </action>
<!-- END -->
<!-- START -->
    <action interruptible="true" visible=". ./support/Check_Brand_NO_samsung.sh">
        <title>开机动画第二屏修改「内置109个动画」</title>
        <set>. ./Install_BootAnimation_Screen2.sh</set>
        <params>
            <param name="ChongQi" label="　是否刷入成功自动重启系统" type="switch" />
            <param name="Default" label="　打开此开关为恢复默认并在下面选择安装时的路径" type="switch" />
            <param name="bootanimation" title="安装路径" options-sh=". ./Install_BootAnimation_Screen2_PATH.sh" value-sh="grep_prop bootanimation $Data_Dir/Install_BootAnimation_Screen2.log" required="true"/>
            <param name="Customize_lu" title="当上面选择自定义路径时生效" placeholder="请输入您系统开机动画文件所在的绝对路径" value-sh="grep_prop Customize_lu $Data_Dir/Install_BootAnimation_Screen2.log" />
            <param name="Authority" label="设置权限" type="int" required="true" maxlength="3" value-sh="grep_prop Authority $Data_Dir/Install_BootAnimation_Screen2.log || echo 644"/>
            <param name="install_Way" label="选择安装方式" options-sh="printf 'Module|通过Magisk模块挂载（推荐）\nsystem|直接修改system'" value-sh="grep_prop install_Way $Data_Dir/Install_BootAnimation_Screen2.log"/>
            <param name="BootAnimation_Screen2" title="选择想要的开机动画" options-sh="cat ./Install_BootAnimation_Screen2_Option.sh" required="true"/>
            <param name="ZiDY_Screen2" type="file" suffix="zip" editable="true" title="当上面选择自定义文件时才生效" desc="可输入要刷入的开机动画文件绝对路径，也可以使用文件选择器选择文件，无需重命名为bootanimation.zip。温馨提示：可用「MT管理器」长按目录或文件 -->点属性 -->点击目录即可复制目录绝对路径，长按目录或长按名称即可复制文件绝对路径" />
        </params>
    </action>
<!-- END -->
<!-- START -->
    <action shell="hidden" auto-off="true" interruptible="false">
        <title>预览刚刚修改成功的开机动画</title>
        <desc>无论开机动画修改用的哪种安装方式都可以播放</desc>
        <set>. ./Play_Boot_Animation2.sh BootAnimation_Screen2</set>
            <param name="Set_Time" title="请输入要播放多久，时间单位秒" type="int" maxlength="3" required="true" value-sh="cat $Data_Dir/Play_Boot_Animation2.log" />
    </action>
<!-- END -->
<!-- START -->
    <action confirm="true" interruptible="false">
        <title>查看开机动画文件路径</title>
        <set>. ./View_BootAnimation_Screen2_PATH.sh -p</set>
    </action>
<!-- END -->
<!-- START -->
    <page before-load="curl -o &#34;$Pages/Make_BootAnimation_Screen2.xml&#34; -skL https://gitee.com/youngdriver/pio/raw/master/bootanimation/bootanimation.sh" config-sh="cat &#34;$Pages/Make_BootAnimation_Screen2.xml&#34;">
        <title>自定义制作开机动画</title>
        <desc>由by:酷安@巴啦啦魔仙女王提供服务</desc>
    </page>
<!-- END -->
</group>

<group title="开机音乐">
<!-- START -->
    <action interruptible="false">
        <title>添加开机音乐</title>
        <summary>使用Magisk模块方式添加一个开机音乐，需要机型支持</summary>
        <set>. ./Magisk_Module/Add_Boot_Music.sh</set>
        <params>
            <param name="ChongQi" label="　是否刷入成功自动重启系统" type="switch" />
            <param name="bootaudio" title="安装路径" options-sh=". ./Add_Boot_Music_PATH.sh" value-sh="grep_prop bootanimation $Data_Dir/Add_Boot_Music.log" required="true"/>
            <param name="Customize_lu" title="当上面选择自定义路径时生效" placeholder="请输入您系统开机音乐文件所在的绝对路径" value-sh="grep_prop Customize_lu $Data_Dir/Add_Boot_Music.log" />
            <param name="File" type="file" editable="true" required="true" title="可输入要添加的音乐文件绝对路径，也可以使用文件选择器选择文件" desc="温馨提示：可用「MT管理器」长按目录或文件 -->点属性 -->点击目录即可复制目录绝对路径，长按目录或长按名称即可复制文件绝对路径" />
        </params>
    </action>
<!-- END -->
<!-- START -->
    <action interruptible="false">
        <title>删除开机音乐文件</title>
        <summary>当选择直接修改时点击即可删除！切记无法恢复！请深思熟虑哦！</summary>
            <param name="ChongQi" label="　是否刷入成功自动重启系统" type="switch" />
            <param name="install_Way" label="选择安装方式" options-sh="printf 'Module|通过Magisk模块挂载（推荐）\nsystem|直接修改system'" value-sh="grep_prop install_Way $Data_Dir/Add_Boot_Music.log"/>
            <param name="bootaudio" title="安装路径" options-sh=". ./Add_Boot_Music_PATH.sh" value-sh="grep_prop bootanimation $Data_Dir/Add_Boot_Music.log" required="true"/>
            <param name="Customize_lu" title="当上面选择自定义路径时生效" placeholder="请输入您系统开机音乐文件所在的绝对路径" value-sh="grep_prop Customize_lu $Data_Dir/Add_Boot_Music.log" />
        <set>. ./Magisk_Module/Add_Boot_Music.sh -d</set>
    </action>
<!-- END -->
<!-- START -->
    <action confirm="true" interruptible="false">
        <title>查看开机音乐路径</title>
        <set>. ./View_Boot_Music_PATH.sh -p</set>
    </action>
<!-- END -->
</group>

<group title="其它">
<!-- START -->
    <action shell="hidden" auto-off="true" interruptible="false">
        <title>播放开机动画</title>
        <set>. ./Play_Boot_Animation.sh</set>
            <param name="Set_Time" title="请输入要播放多久，时间单位秒" type="int" maxlength="3" required="true" value-sh="cat $Data_Dir/Play_Boot_Animation2.log" />
    </action>
<!-- END -->
<!-- START -->
    <action shell="hidden" auto-off="true" interruptible="false">
        <title>播放开机音乐</title>
        <set>. ./Play_Boot_Music.sh</set>
            <param name="bootaudio" title="安装路径" options-sh=". ./Add_Boot_Music_PATH.sh" value-sh="grep_prop bootanimation $Data_Dir/Play_Boot_Music.log" required="true"/>
            <param name="Customize_lu" title="当上面选择自定义路径时生效" placeholder="请输入您系统开机音乐文件所在的绝对路径" value-sh="grep_prop Customize_lu $Data_Dir/Play_Boot_Music.log" />
    </action>
<!-- END -->
<!-- START -->
    <switch auto-off="true" interruptible="false">
        <title>锁定开机动画第二屏</title>
        <desc>打开此开关锁定后无法更改第二屏</desc>
        <get>. ./switchs/Lock_BootAnimation_Screen2_Get.sh</get>
        <set>. ./switchs/Lock_BootAnimation_Screen2_Set.sh</set>
    </switch>
<!-- END -->
</group>