<?xml version="1.0" encoding="utf-8"?>
<group title="方案①">
<!-- START -->
    <switch confirm="false" auto-off="true" interruptible="false" id="Charging_control1" id="@Charging_control1">
        <title>充电控制开关</title>
        <desc>打开此开关为禁止充电</desc>
        <get>. ./switchs/Charging_control1_get.sh</get>
        <set>. ./switchs/Charging_control1_set.sh</set>
    </switch>
<!-- END -->
</group>

<group title="方案②">
<!-- START -->
    <action id="Charging_control2" reload="@Charging_control1">
        <title>方案②半自动方案</title>
        <desc>具体请看使用说明帮助</desc>
        <set>. ./Charging_control2.sh</set>
        <params>
            <param name="Set_Greedy_Time" label="输入值" title="请输入贪婪充电时间值，时间单位：d(天) | h(小时) | m(分) | s(默认为秒单位），为空时则无延迟" desc="作用于充满电多久后才停止充电，已获得更饱满的电量。锁屏休眠充电可能会出现时间翻倍后才会停止充电情况，可以删除留空为不设置贪婪充电" value-sh="grep_prop Set_Greedy_Time $Data_Dir/Charging_control2.log"/>
            <param name="Stop" title="设置充电到百分之多少停止充电" desc="默认为100停止充电" type="seekbar" max="100" min="20" value="100" value-sh="grep_prop Stop $Data_Dir/Charging_control2.log"/>
        </params>
    </action>
<!-- END -->
<!-- START -->
    <action id="Charging_control22" reload="@Charging_control1" shell="bg-task" visible="[[ $SDK -ge 29 ]] &amp;&amp; echo 1">
        <title>方案②半自动方案，「放入通知栏执行」</title>
        <desc>具体请看使用说明帮助</desc>
        <set>. ./Charging_control2.sh</set>
        <params>
            <param name="Set_Greedy_Time" label="输入值" title="请输入贪婪充电时间值，时间单位：d(天) | h(小时) | m(分) | s(默认为秒单位），为空时则无延迟" desc="作用于充满电多久后才停止充电，已获得更饱满的电量。锁屏休眠充电可能会出现时间翻倍后才会停止充电情况，可以删除留空为不设置贪婪充电" value-sh="grep_prop Set_Greedy_Time $Data_Dir/Charging_control2.log"/>
            <param name="Stop" title="设置充电到百分之多少停止充电" desc="默认为100停止充电" type="seekbar" max="100" min="20" value="100" value-sh="grep_prop Stop $Data_Dir/Charging_control2.log"/>
        </params>
    </action>
<!-- END -->
</group>

<group title="方案③">
<!-- START -->
    <action id="Charging_control3" reload="@Charging_control1">
        <title>方案③半自动方案（升级版）</title>
        <desc>具体请看使用说明帮助</desc>
        <set>. ./Charging_control3.sh</set>
        <params>
            <param name="Set_Greedy_Time" label="输入值" title="请输入贪婪充电时间值，时间单位：d(天) | h(小时) | m(分) | s(默认为秒单位），为空时则无延迟" desc="作用于充满电多久后才停止充电，已获得更饱满的电量。锁屏休眠充电可能会出现时间翻倍后才会停止充电情况，可以删除留空为不设置贪婪充电" value-sh="grep_prop Set_Greedy_Time $Data_Dir/Charging_control3.log"/>
            <param name="Start" title="设置等于百分之多少继续启用充电" desc="默认低于或者等于95恢复充电" type="seekbar" max="99" min="20" value="95" value-sh="grep_prop Start $Data_Dir/Charging_control3.log"/>
            <param name="Stop" title="设置充电到百分之多少停止充电" desc="默认为100停止充电" type="seekbar" max="100" min="20" value="100" value-sh="grep_prop Stop $Data_Dir/Charging_control3.log"/>
        </params>
    </action>
<!-- END -->
<!-- START -->
    <action id="Charging_control33" reload="@Charging_control1" shell="bg-task" visible="[[ $SDK -ge 29 ]] &amp;&amp; echo 1">
        <title>方案③半自动方案（升级版），「放入通知栏执行」</title>
        <desc>具体请看使用说明帮助</desc>
        <set>. ./Charging_control3.sh</set>
        <params>
            <param name="Set_Greedy_Time" label="输入值" title="请输入贪婪充电时间值，时间单位：d(天) | h(小时) | m(分) | s(默认为秒单位），为空时则无延迟" desc="作用于充满电多久后才停止充电，已获得更饱满的电量。锁屏休眠充电可能会出现时间翻倍后才会停止充电情况，可以删除留空为不设置贪婪充电" value-sh="grep_prop Set_Greedy_Time $Data_Dir/Charging_control3.log"/>
            <param name="Start" title="设置等于百分之多少继续启用充电" desc="默认低于或者等于95恢复充电" type="seekbar" max="99" min="20" value="95" value-sh="grep_prop Start $Data_Dir/Charging_control3.log"/>
            <param name="Stop" title="设置充电到百分之多少停止充电" desc="默认为100停止充电" type="seekbar" max="100" min="20" value="100" value-sh="grep_prop Stop $Data_Dir/Charging_control3.log"/>
        </params>
    </action>
<!-- END -->
</group>

<group title="方案④">
<!-- START -->
    <action interruptible="false">
        <title>方案④全自动方案</title>
        <desc>每次配置完重启才能生效，虽然是全自动方案，可能会增加设备耗电量，具体自测！更多详情请看帮助</desc>
        <summary sh=". ./Charging_control4.sh -status" />
        <set>. ./Charging_control4.sh</set>
        <params>
            <param name="ChongQi" label="是否刷入成功自动重启系统" type="checkbox" value-sh="grep_prop ChongQi $Data_Dir/Charging_control4.log"/>
            <param name="DEBUG" label="是否启用日志功能" desc="开启后可查看模块是否运行和运行状态，是否有被系统休眠" type="checkbox" value-sh="grep_prop DEBUG $Data_Dir/Charging_control4.log"/>
            <param name="Delay" label="输入值" title="为了避免无延迟的无限循环执行脚本，请务必设置适当的延迟值" value-sh="if [[ -f $Data_Dir/Charging_control4.log ]]; then grep_prop Delay $Data_Dir/Charging_control4.log; else echo 3m; fi"/>
            <param name="Set_Greedy_Time" label="输入值" title="请输入贪婪充电时间值，时间单位：d(天) | h(小时) | m(分) | s(默认为秒单位），为空时则无延迟" desc="作用于充满电多久后才停止充电，已获得更饱满的电量。" value-sh="if [[ -f $Data_Dir/Charging_control4.log ]]; then grep_prop Set_Greedy_Time $Data_Dir/Charging_control4.log; else echo 2m; fi"/>
            <param name="Start" title="设置只有电量低于或者等于百分之多少才能启用充电" type="seekbar" max="99" min="20" value-sh="if [[ -f $Data_Dir/Charging_control4.log ]]; then grep_prop Start $Data_Dir/Charging_control4.log; else echo 90; fi"/>
            <param name="Stop" title="设置充电到百分之多少停止充电" type="seekbar" max="100" min="20" value-sh="if [[ -f $Data_Dir/Charging_control4.log ]]; then grep_prop Stop $Data_Dir/Charging_control4.log; else echo 100; fi"/>
            <param name="a" value="上面的默认设置执行流程，充到100时并不会立即停止充电，3m+2m也就是说需要5分钟后才最终停止充电，然后电量低于或者等于90才恢复充电" readonly="readonly"/>
        </params>
    </action>
<!-- END -->
<!-- START -->
    <action interruptible="false">
        <title>查看方案④Magisk日志</title>
        <set>cat $Modules_Dir/Automatic_protective_charging/充电记录.log</set>
    </action>
<!-- END -->
</group>

<group title="其它">
<!-- START -->
    <action interruptible="false">
        <title>帮助</title>
        <summary>注：如果方案1没用，那么充电控制就是不支持您的设备</summary>
        <set>cat $Data_Dir/Charging_control_help.log</set>
    </action>
<!-- END -->
</group>