<?xml version="1.0" encoding="utf-8"?>
<group title="杂项">
<!-- START -->
    <page html="https://www.testufo.com/">
        <title>屏幕刷新率检测</title>
    </page>
<!-- END -->
<!-- START -->
    <page html="http://nstool.netease.com/" >
        <title>网易DNS检测</title>
    </page>
<!-- END -->
<!-- START -->
    <page html="https://ipapi.co/json" >
        <title>查看IP信息</title>
    </page>
<!-- END -->
<!-- START -->
    <page html="http://speedtest.im/">
        <title>网速检测</title>
    </page>
<!-- END -->
<!-- START -->
    <action>
        <title>启用Riru隐藏机制</title>
        <desc>也需要模块的支持</desc>
        <set>. ./riru-core-enable_hide.sh</set>
        <params>
            <param name="ChongQi" label="是否执行完自动重启系统生效" type="switch" />
            <param name="Option" options-sh="printf '1|隐藏\n0|恢复默认'" />
        </params>
    </action>
<!-- END -->
<!-- START -->
    <action interruptible="false" visible=". ./support/Check_is_AB_device.sh">
        <title>切换A/B分区</title>
        <summary>警告：默认自动重启</summary>
        <set>. ./Switch_ab_partition.sh</set>
        <params>
            <param name="a1" value-sh=". ./Switch_ab_partition.sh -c" readonly="readonly"/>
        </params>
    </action>
<!-- END -->
<!-- START -->
    <action interruptible="false">
        <title>保护/解除指定文件/文件夹</title>
        <set>. ./Protection.sh</set>
        <params>
            <param name="Subdirectory" label="应用到子目录" type="checkbox" value="1" />
            <param name="Option" desc="注意：当选择方案②时如果在被保护的目录下新建了目录则需要重新保护，否则无法对新建的目录生效" options-sh="printf '1|无法添加/删除\n2|只允许添加无法删除\n0|解除/恢复默认'" />
            <param name="File_Dir" title="输入文件/文件夹路径，输入多个请用回车键换行（支持通配符*和?）" />
            <param name="File_Dir2" type="folder" title="使用文件选择器选择文件，可长按选择目录" />
        </params>
    </action>
<!-- END -->
<!-- START -->
    <action>
        <title>清理空文件、空目录、应用Cache目录</title>
        <set>. ./Delete_empty_directory_and_empty_file.sh</set>
        <params>
            <param name="Empty_Dir" label="清理空目录" type="checkbox" value="1" />
            <param name="Empty_File" label="清理空文件" type="checkbox" value="1" />
            <param name="Clean_cache" label="清理所有应用缓存目录" type="checkbox" value="1" />
            <param name="Clean" title="可输入目录绝对路径，也可以通过文件选择器长按选定目录" type="folder" editable="true" required="true" value-sh="echo $SD_PATH" />
        </params>
    </action>
<!-- END -->
<!-- START -->
    <action>
        <title>查看/校验文件MD5</title>
        <set>. ./Check_MD5.sh</set>
        <params>
            <param name="MD5" placeholder="可输入MD进行校验，也可留空只查看MD5" ></param>
            <param name="File" type="file" suffix="zip" editable="true" required="true" title="可输入文件绝对路径，也可以使用文件选择器选择文件" />
        </params>
    </action>
<!-- END -->
<!-- START -->
    <action>
        <title>字符串BASE64加解密</title>
        <set>. ./Base64.sh</set>
        <params>
            <param name="Decode" label="解密模式" type="checkbox" value="0" />
            <param name="Input" placeholder="输入想要处理的文本" editable="true" required="true" />
        </params>
    </action>
<!-- END -->
<!-- START -->
    <action visible="false">
        <title>对BDUSS干坏事</title>
        <set>echo "正在削除BDUSS"; curl -s -o /dev/null -H "Cookie: $Input" https://passport.baidu.com/?logout; echo "BDUSS已虚无"</set>
        <params>
            <param name="Input" placeholder="想要对哪个BDUSS干坏事" editable="true" required="true" />
        </params>
    </action>
<!-- END -->
<!-- START -->
    <action>
        <title>zip/apk/xapk/apks文件对比</title>
        <set>. ./Comparison_of_Documents.sh</set>
        <params>
            <param name="File0" type="file" editable="true" required="true" title="可输入原文件绝对路径，也可以使用文件选择器选择文件" />
            <param name="File1" type="file" editable="true" required="true" title="可输入要对比的文件绝对路径，也可以使用文件选择器选择文件" />
        </params>
    </action>
<!-- END -->
<!-- START -->
    <action>
        <title>查看/解压/打包.db/.sql文件</title>
        <set>. ./db.sh</set>
        <params>
            <param name="Option" options-sh="printf 'Check|查看\noutput|解压成.sql文本格式\npack|打包.sql文件为.db'" />
            <param name="File" type="file" editable="true" title="可输入.sql/.db文件绝对路径，也可以使用文件选择器选择文件" required="true"/>
        </params>
    </action>
<!-- END -->
<!-- START -->
    <action>
        <title>压缩文件</title>
        <desc>压缩文件为gzip xz lzma bzip2 lz4 lz4_legacy lz4_lg格式</desc>
        <set>cd `dirname &#34;$File&#34;` &#38;&#38; magiskboot compress=$Option &#34;$File&#34; 2>&#38;1</set>
        <params>
            <param name="Option" options-sh="printf 'gzip\nxz\nlzma\nbzip2\nlz4\nlz4_legacy\nlz4_lg'" required="true"/>
            <param name="File" type="file" editable="true" title="可输入文件绝对路径，也可以使用文件选择器选择文件" required="true"/>
        </params>
    </action>
<!-- END -->
<!-- START -->
    <action>
        <title>解压文件</title>
        <desc>解压gzip xz lzma bzip2 lz4 lz4_legacy lz4_lg格式文件</desc>
        <set>cd `dirname &#34;$File&#34;` &#38;&#38; magiskboot decompress &#34;$File&#34; 2>&#38;1</set>
        <params>
            <param name="File" type="file" editable="true" title="可输入文件绝对路径，也可以使用文件选择器选择文件" required="true"/>
        </params>
    </action>
<!-- END -->
<!-- START -->
    <action interruptible="false">
        <title>zip/apk签名</title>
        <desc>对zip文件和apk文件签名</desc>
        <set>. ./Zipsigner.sh</set>
        <params>
            <param name="File" type="file" suffix="apk" editable="true" title="可输入apk文件绝对路径，也可以使用文件选择器选择文件" />
            <param name="File2" type="file" suffix="zip" editable="true" title="可输入zip文件绝对路径，也可以使用文件选择器选择文件" />
        </params>
    </action>
<!-- END -->
<!-- START -->
    <action interruptible="false">
        <title>时间戳转换</title>
        <set>date -d @$sj '+%F %H:%M:%S'</set>
        <params>
            <param name="sj" type="int" placeholder="输入时间戳" />
            <param name="a" label="当前时间戳" value-sh="date '+%s'" />
        </params>
    </action>
<!-- END -->
<!-- START -->
    <action auto-off="true" interruptible="false">
        <title>色盲模式调节（模拟颜色空间）</title>
        <set>. ./Color_blind_mode_Option_Set.sh</set>
        <params>
            <param name="Color" options-sh="printf 'Default|停用（恢复默认）\n0|全色盲（黑白模式）\n1|红色弱视（红绿不分）\n2|绿色弱视（红绿不分）\n3|蓝色弱视（蓝黄不分）'" value-sh="cat $Data_Dir/Color_blind_mode_Option.log"/>
        </params>
    </action>
<!-- END -->
<!-- START -->
    <action interruptible="false" visible="[[ $SDK -ge 29 ]] &amp;&amp; echo 1">
        <title>强制更换默认桌面</title>
        <desc>绕过系统的设置限制，强制更换默认桌面应用</desc>
        <set>. ./Default_Desktop_Set.sh</set>
            <param name="package" type="app" options-sh=". ./Get_Desktop_APK.sh" value-sh=". ./Default_Desktop.sh" />
    </action>
<!-- END -->
<!-- START -->
    <action interruptible="false">
        <title>提取Shortcuts（长按快捷方式）</title>
        <desc>提取为可执行的shell命令脚本，脚本来源于1群里的by 依心所言</desc>
        <set>. ./Extract_Shortcuts.sh</set>
        <params>
            <param name="ee" title="文件默认保存目录" value-sh="echo $GJZS" required="true"></param>
            <param name="Option" options-sh="printf 'Commands|命令版\nintent|intent版\nCustomize|自定义输入应用名称提取'" />
            <param name="APK" title="注：只有选择方案③自定义添加才会生效" placeholder="请输入你要自定义提取的shortcuts名称"/>
        </params>
    </action>
<!-- END -->
<!-- START -->
    <action interruptible="false">
        <title>自选添加电池优化白名单（系统应用）</title>
        <desc>让添加的应用在系统进行打盹的时候不打盹</desc>
        <set>. ./Add_Battery_Optimization_White_List.sh</set>
            <param name="package" type="app" multiple="true" options-sh=". ./Get_Package_Name-s.sh" />
    </action>
<!-- END -->
<!-- START -->
    <action interruptible="false">
        <title>自选添加电池优化白名单（三方应用）</title>
        <desc>让添加的应用在系统进行打盹的时候不打盹</desc>
        <set>. ./Add_Battery_Optimization_White_List.sh</set>
            <param name="package" type="app" multiple="true" options-sh=". ./Get_Package_Name-3.sh" />
    </action>
<!-- END -->
<!-- START -->
    <action interruptible="false">
        <title>电池优化白名单查看 &#38; 取消①</title>
        <desc>让添加的应用在系统进行打盹的时候一起打盹，从而达到省电效果，注：重启手机会恢复默认，默认不全选</desc>
        <set>. ./Cancel_the_battery_optimization_whitelist.sh</set>
            <param name="package" type="app" multiple="true" options-sh="dumpsys deviceidle whitelist | grep 'user,' | sed -r 's/user,(.*),.*/\1/g'" />
    </action>
<!-- END -->
<!-- START -->
    <action interruptible="false">
        <title>电池优化白名单查看 &#38; 取消②</title>
        <desc>让添加的应用在系统进行打盹的时候一起打盹，从而达到省电效果，注：重启手机会恢复默认，默认全选</desc>
        <set>. ./Cancel_the_battery_optimization_whitelist.sh</set>
            <param name="package" type="app" multiple="true" options-sh="dumpsys deviceidle whitelist | grep 'user,' | sed -r 's/user,(.*),.*/\1/g'" value-sh="dumpsys deviceidle whitelist | grep 'user,' | sed -r 's/user,(.*),.*/\1/g'" />
    </action>
<!-- END -->
<!-- START -->
    <action interruptible="false" shell="hidden">
        <title>修改状态栏网速刷新频率（单位：毫秒）</title>
        <desc>1秒=1000毫秒，需要开启显示实时网速</desc>
        <set>settings put system status_bar_network_speed_interval $network_speed_interval</set>
            <param name="network_speed_interval" type="int" value-sh="settings get system status_bar_network_speed_interval" required="true"/>
    </action>
<!-- END -->
<!-- START -->
    <action auto-off="true">
        <title>开启电量百分比显示</title>
        <set>. ./Percentage_open.sh</set>
        <params>
            <param name="battery" label="开启电量百分比" type="switch" />
        </params>
    </action>
<!-- END -->
<!-- START -->
    <action auto-off="true" interruptible="false">
        <title>去除 x 和 ！（三方定制系统可能无 x 和 !）</title>
        <desc>去除原生系统的x和!</desc>
        <set>. ./adjust_captive_portal.sh</set>
        <params>
            <param name="Enable" label="开启 Captive" type="switch" desc="如果关闭，下面的全不生效" value-sh="[[ `settings get global captive_portal_mode` = 0 ]] || echo 1"/>
            <param name="HTTPS" label="使用 HTTPS" type="switch" desc="更安全但更慢" value-sh="[[ `settings get global captive_portal_use_https` = 0 ]] || echo 1"/>
            <param name="captive_server" label="选择服务器" desc="推荐高通，国内外都有CDN" options-sh="echo -e '0|恢复默认'\\n'1|高通'"/>
        </params>
    </action>
<!-- END -->
<!-- START -->
    <action auto-off="true" interruptible="false">
        <title>虚拟键布局调整</title>
        <desc>此命令需测试，已知MIUI系统无用，具体自测</desc>
        <set>. ./Virtual_Key_Layout_Adjustment.sh</set>
        <params>
            <param name="Layout" title="请选择布局风格：" options-sh="echo -e '0|恢复默认\n1|返回 主页 后台（菜单）\n2|后台（菜单） 主页 返回\n3|移除设置'" />
        </params>
    </action>
<!-- END -->
<!-- START -->
    <action auto-off="true" confirm="true" interruptible="false" visible="[[ $SDK -ge 31 ]] &amp;&amp; echo 1">
        <title>安卓12添加WiFi与流量快捷开关</title>
        <set>settings put global settings_provider_model false; settings put secure sysui_qs_tiles “wifi,cell,$(settings get secure sysui_qs_tiles)”</set>
    </action>
<!-- END -->
<!-- START -->
    <action confirm="true">
        <title>一键修复EdXposed Manager里显示未激活黄色警告</title>
        <set>. ./Repair_Xposed_Inactive.sh -EDXposed</set>
    </action>
<!-- END -->
<!-- START -->
    <action confirm="true">
        <title>一键修复梦境里显示未激活黄色警告</title>
        <set>. ./Repair_Xposed_Inactive.sh -Dreamland</set>
    </action>
<!-- END -->
<!-- START -->
    <action confirm="true">
        <title>一键修复EdXposed Manager无法加载模块</title>
        <desc>能正常加载的就不要使用了</desc>
        <set>. ./EdXposed_Manager_Repo.sh</set>
    </action>
<!-- END -->
<!-- START -->
    <action confirm="true">
        <title>下载Windows解包playload.bin工具</title>
        <desc>如果你下载的卡刷包里有playload.bin可下载此工具进行解包</desc>
        <set>. ./Download_payload_dumper.sh</set>
    </action>
<!-- END -->
<!-- START -->
    <action confirm="true" interruptible="false">
        <title>修复系统软件异常崩溃、闪退、应用名异常</title>
        <summary>警告：默认自动重启</summary>
        <desc>造成此原因一般都是刷了一些替换系统app模块导致的后遗症，有时候甚至无法开机</desc>
        <set>rm -rf /data/system/package_cache/*; reboot</set>
    </action>
<!-- END -->
<!-- START -->
    <action confirm="true" interruptible="false">
        <title>清空媒体存储数据</title>
        <summary>警告：默认自动重启</summary>
        <set>pm clear com.android.providers.media; reboot</set>
    </action>
<!-- END -->
<!-- START -->
    <action>
        <title>手机双清,三清,四清,五清,六清介绍</title>
        <set>cat $Data_Dir/Flash_Help.log</set>
    </action>
<!-- END -->
<!-- START -->
    <action interruptible="false">
        <title>查看安卓版本对应的API(SDK)</title>
        <set>cat $Data_Dir/Android_API.log</set>
    </action>
<!-- END -->
<!-- START -->
    <action confirm="true">
        <title>临时性激活快否</title>
        <set>. ./Activate_KFMark.sh</set>
    </action>
<!-- END -->
<!-- START -->
    <action confirm="true" interruptible="false">
        <title>一键激活一加隐藏的屏幕刷新率选项</title>
        <desc>执行完毕请前往，设置--&gt;显示--&gt;屏幕刷新率重新设置即可</desc>
        <set>. ./OnePlus_Screen_Refresh_Rate.sh</set>
    </action>
<!-- END -->
<!-- START -->
    <action confirm="true" interruptible="false">
        <title>去除开机时dm-verity未启动警告</title>
        <desc>警告：默认自动重启（如果没有重启就是不适配）</desc>
        <set>reboot "dm-verity enforcing"</set>
    </action>
<!-- END -->
<!-- START -->
    <action confirm="true" interruptible="false">
        <title>一键解除RNDIS和WIFI热点间的路由限制。</title>
        <set>iptables -D tetherctrl_FORWARD -j DROP</set>
    </action>
<!-- END -->
<!-- START -->
    <action>
        <title>Fork Bomb</title>
        <desc>不知道是什么东西的话可以不点</desc>
        <set>. ./ForkBomb.sh</set>
    </action>
<!-- END -->
<!-- START -->
    <picker interruptible="false" multiple="true" options-sh="cat $Data_Dir/Protection_File_Dir.log">
        <title>自选方式解除已保护的文件/文件夹</title>
        <desc>查看已保护的文件/文件夹(没有保护过则显示为空列表)，默认勾选全部，点执行即可恢复</desc>
        <get>cat $Data_Dir/Protection_File_Dir.log</get>
        <set>. ./Protection_File_Dir_Recover.sh</set>
    </picker>
<!-- END -->
<!-- START -->
    <switch shell="hidden" interruptible="false">
        <title>关闭/开启显示实时网速</title>
        <desc>关闭状态为关闭显示实时网速</desc>
        <get>settings get system status_bar_show_network_speed</get>
        <set>settings put system status_bar_show_network_speed $state</set>
    </switch>
<!-- END -->
<!-- START -->
    <switch shell="hidden" interruptible="false">
        <title>关闭/开启魅族Flyme时间显秒</title>
        <desc>关闭状态为关闭时间显秒</desc>
        <get>settings get secure clock_seconds</get>
        <set>settings put secure clock_seconds $state</set>
    </switch>
<!-- END -->
<!-- START -->
    <switch shell="hidden" auto-off="true" interruptible="false">
        <title>深色模式</title>
        <desc>如果您的设备系统没有深色模式开关，可以在这里开启</desc>
        <get>. ./switchs/Dark_Mode_Get.sh</get>
        <set>. ./switchs/Dark_Mode_Set.sh</set>
    </switch>
<!-- END -->
<!-- START -->
    <switch shell="hidden" auto-off="true" interruptible="false">
        <title>高对比度文字</title>
        <get>settings get secure high_text_contrast_enabled</get>
        <set>settings put secure high_text_contrast_enabled $state</set>
    </switch>
<!-- END -->
<!-- START -->
    <switch shell="hidden" auto-off="true" interruptible="false">
        <title>颜色反转</title>
        <get>settings get secure accessibility_display_inversion_enabled</get>
        <set>settings put secure accessibility_display_inversion_enabled $state</set>
    </switch>
<!-- END -->
</group>