<?xml version="1.0" encoding="utf-8"?>
<group>
    <text>
        <slices>
            <slice size="14" color="#FF9900">免责申明：</slice>
            <slice break="true"></slice>
            <slice break="true"></slice>
            <slice size="14" color="#FF9900" break="true">因为Magisk的特殊性必须解锁BL才能使用，但是很多极客用户却又想追求更极致玩机需求，才特此提供的极客专区功能，由于是直接操控系统文件达到目的，所以会造成一些意想不到的后果</slice>
            <slice break="true"></slice>
            <slice break="true"></slice>
            <slice size="14" color="#FF9900" break="true">如果您先前从未听说过「软变砖」或「无限重启」, 又或者您不知道如何从这些情况中恢复手机, 那么请不要安装或使用本页所有功能</slice>
            <slice break="true"></slice>
            <slice break="true"></slice>
            <slice size="14" color="#FF9900" break="true">无论如何, 都强烈建议您做好近期的数据备份，并自备完整ROM卡刷/线刷包救砖</slice>
            <slice break="true"></slice>
            <slice break="true"></slice>
            <slice size="14" color="#FF9900" break="true">一旦使用了功能则代表您已阅读风险，出现的一切后果，请自行承担风险，与本人无关</slice>
        </slices>
    </text>
</group>
<group title="框架管理">
<!-- START -->
    <page config-sh=". $ShellScript/Geek/Installed_Frame_View.sh">
        <title>卸载已安装的框架服务</title>
    </page>
<!-- END -->
</group>
<group title="框架服务（注：重启生效）">
<!-- START -->
    <action interruptible="false" id="@riru-core" reload="@riru-core" min-sdk="26" max-sdk="29">
        <title>一键安装Riru （Riru - Core）至系统</title>
        <summary sh="echo 警告：默认会强制重启！！！;. $Load riru-core; echo &quot;已上传版本：$List&quot;;. ./Geek/Check_Frame_installation_Status.sh riru-core &quot;Riru - Core&quot;" />
        <params>
            <param name="Way" label="请选择安装方式" options-sh="printf '0|①　初次安装\n1|②　更新/覆盖安装\n2|③　已经安装过然后更新过系统'" desc="请正确选择安装方式，否则一切后果自负。&#x000A;①　初次安装表示第一次安装，从未安装过或者已安装过但是已卸载了想重新安装&#x000A;②　更新/覆盖安装，已经装过了但是从未更新过系统&#x000A;③　已经安装过然后更新过系统，表示在更新系统前未卸载框架服务，更新系统后框架掉了想重新安装" />
        </params>
        <set>. ./Geek/Riru-Core_Installer.sh</set>
    </action>
<!-- END -->
<!-- START -->
    <action interruptible="false" id="@EdXposed" reload="@EdXposed" min-sdk="26" max-sdk="29">
        <title>一键安装Riru EdXposed至系统</title>
        <desc sh=". ./Geek/Check_EdXposed_Installer.sh" />
        <summary>由于Riru 22+变化，直接修改/system/build.prop无法成功修改Riru 里那个system.prop属性，在查阅了资料后才得知这个属性由boot.img控制，所以导致新版Riru 22+以上版本无法直接写入系统，自然也就只保留了一个21.3版本和最后一个兼容21.3版本的Riru EdXposed&#x000A;意思就是安卓11+的用户想使用EDXposed必须去解锁BL然后使用Magisk模块方式安装</summary>
        <set>. ./Geek/EdXposed_Installer.sh</set>
        <params>
            <param name="ChongQi" label="是否安装完成自动重启系统生效" type="switch" />
            <param name="Way" label="请选择安装方式" options-sh="printf '0|①　初次安装\n1|②　更新/覆盖安装\n2|③　已经安装过然后更新过系统'" desc="请正确选择安装方式，否则一切后果自负。&#x000A;①　初次安装表示第一次安装，从未安装过或者已安装过但是已卸载了想重新安装&#x000A;②　更新/覆盖安装，已经装过了但是从未更新过系统&#x000A;③　已经安装过然后更新过系统，表示在更新系统前未卸载框架服务，更新系统后框架掉了想重新安装" />
            <param name="EdXp_Type" label="请选择EdXposed类型" options-sh="printf '1|①　YAHFA版\n2|②　SandHook版\nCustom|③　自定义EDXposed-Magisk文件安装\n0|④　不安装'" />
            <param name="apk" label="安装EdXposed Manager.apk进行XP模块管理" type="checkbox" value="1" />
            <param name="File" type="file" suffix="zip" editable="true" title="可输入EDXposed模块文件绝对路径，也可以使用文件选择器选择文件" desc="选择③　自定义EDXposed-Magisk文件安装时才生效，温馨提示：可用「MT管理器」长按目录或文件 -->点属性 -->点击目录即可复制目录绝对路径，长按目录或长按名称即可复制文件绝对路径" />
            <param name="a" value="某些情况下您的设备可能会在安装 EdXposed 过后变得无法正常启动&#x000A;&#x000A;如果您先前从未听说过「软变砖」或「无限重启」, 又或者您不知道如何从这些情况中恢复手机，那么请不要安装或使用 EdXposed！  无论如何, 都强烈建议您做好近期的数据备份&#x000A;&#x000A;一旦使用了功能则代表您已阅读风险，出现的一切后果，请自行承担风险，与本人无关。" readonly="readonly" />
        </params>
    </action>
<!-- END -->
<!-- START -->
    <action interruptible="false" min-sdk="21" max-sdk="27">
        <title>安装/卸载原版Xposed框架</title>
        <desc>支持安卓5~8.1，支持arm  arm64  x86  x86_64架构，作者：rovo89&#x000A;由于官方下载服务器在xda所以下载速度对国内环境不友好，特此制作的本功能，节省大家时间</desc>
        <summary>警告！默认强制重启生效</summary>
        <set>. ./install_xposed.sh</set>
        <params>
            <param name="Option" title="选择功能：" options-sh="printf 'install|①　安装\nuninstall|②　卸载'" required="true" />
        </params>
    </action>
<!-- END -->
<!-- START -->
    <!-- <action interruptible="false" id="@riru_storage_redirect" reload="@riru_storage_redirect"> -->
        <!-- <title>一键安装Riru - Storage Redirect（储存重定向增强模式）至系统</title> -->
        <!-- <desc sh=". $Load riru_storage_redirect; echo &quot;已上传版本：$name-$version($versionCode)&quot;;. ./Geek/Check_Frame_installation_Status.sh riru_storage_redirect 储存重定向增强模式" /> -->
        <!-- <set>. ./Geek/Storage_Redirect_Installer.sh</set> -->
        <!-- <params> -->
            <!-- <param name="ChongQi" label="是否安装完成自动重启系统生效" type="switch" /> -->
            <!-- <param name="Way" label="请选择安装方式" options-sh="printf '0|①　初次安装\n1|②　更新/覆盖安装\n2|③　已经安装过然后更新过系统'" desc="请正确选择安装方式，否则一切后果自负。&#x000A;①　初次安装表示第一次安装，从未安装过或者已安装过但是已卸载了想重新安装&#x000A;②　更新/覆盖安装，已经装过了但是从未更新过系统&#x000A;③　已经安装过然后更新过系统，表示在更新系统前未卸载框架服务，更新系统后框架掉了想重新安装" /> -->
        <!-- </params> -->
    <!-- </action> -->
<!-- END -->
<!-- START -->
    <action interruptible="false" id="@AD-Hosts" reload="@AD-Hosts">
        <title>一键安装AD Hosts至系统</title>
        <desc sh=". $Load AD-Hosts; echo &quot;已上传版本：$name-$version($versionCode)&quot;;echo &quot;用途：屏蔽各类广告包括(各大视频网站,运营商劫持广告,大部分APP广告)&quot;;. ./Geek/Check_Frame_installation_Status.sh AD-Hosts &quot;AD Hosts&quot;" />
        <set>. ./Geek/AD_Hosts.sh</set>
        <params>
            <param name="ChongQi" label="是否安装完成自动重启系统生效" type="switch" />
            <param name="Way" label="请选择安装方式" options-sh="printf '0|①　初次安装\n1|②　更新/覆盖安装\n2|③　已经安装过然后更新过系统'" desc="请正确选择安装方式，否则一切后果自负。&#x000A;①　初次安装表示第一次安装，从未安装过或者已安装过但是已卸载了想重新安装&#x000A;②　更新/覆盖安装，已经装过了但是从未更新过系统&#x000A;③　已经安装过然后更新过系统，表示在更新系统前未卸载框架服务，更新系统后框架掉了想重新安装" />
        </params>
    </action>
<!-- END -->
<!-- START -->
    <action interruptible="false" id="@Gesture" reload="@Gesture">
        <title>全面屏手势导航</title>
        <desc sh=". ./Geek/Check_Gesture_Installer.sh" />
        <set>. ./Geek/Convert_to_a_system_apk.sh</set>
        <params>
            <param name="ChongQi" label="是否刷完模块自动重启系统" type="switch" />
            <param label="请选择应用" name="APK">
                <option value="Gesture">①　Gesture（by：嘟嘟斯基）</option>
                <option value="Fluid-NG">②　流体手势导航（Fluid N.G.）</option>
            </param>
            <param name="Type" label="请选择安装类型" options-sh="printf 'data|仅安装试用（不安装为系统应用）\n0|安装为系统应用'" />
        </params>
    </action>
<!-- END -->
<!-- START -->
    <switch auto-off="true" interruptible="false" confirm="true">
        <title>2.4G-WiFi频率提速至最大（高通）</title>
        <desc>关闭此开关为恢复默认，需要重启生效！</desc>
        <get>. ./Geek/WiFi-2.4G_Speed_Up_Get.sh</get>
        <set>. ./Geek/WiFi-2.4G_Speed_Up_Set.sh</set>
    </switch>
<!-- END -->
</group>
