<?xml version="1.0" encoding="utf-8"?>
<group>
<!-- START -->
    <action>
        <title>自定义文件保存目录（禁止空格及非主流符号）</title>
        <desc>针对部分强迫症用户，自定义后会重定向到指定目录，不再内部储存根目录创建目录</desc>
        <param name="LU" title="可输入目录绝对路径，也可以通过文件选择器长按选定目录" desc="上面是默认路径，请自行根据需求更改目录，温馨提示：可用「MT管理器」长按目录或文件 -->点属性 -->点击目录即可复制目录绝对路径，长按目录或长按名称即可复制文件绝对路径" type="folder" editable="true" required="true" value-sh="echo $GJZS" />
        <set>echo "$LU" &gt;$Data_Dir/GJZS_PATH</set>
    </action>
<!-- END -->
<!-- START -->
    <action shell="hidden" auto-off="true" >
        <title>自定义 curl 命令</title>
        <desc>如果你会linux shell可以自定义adb命令调用执行</desc>
        <param name="Custom_CMD" title="自定义curl命令，格式：文件绝对路径 &#34;$@&#34;&#x000A;如果是动态库命令需要设置export LD_LIBRARY_PATH变量" desc="可在主页脚本执行器测试是否能执行，然后再设置！如果需要删除请留空然后点击确定，温馨提示：可用「MT管理器」长按目录或文件 -->点属性 -->点击目录即可复制目录绝对路径，长按目录或长按名称即可复制文件绝对路径" placeholder="事例：/system/bin/curl &#34;$@&#34;" value-sh="cat $ELF1_Path/curl2"/>
        <set>. ./Custom_CMD.sh curl2</set>
    </action>
<!-- END -->
<!-- START -->
    <action shell="hidden" auto-off="true" >
        <title>自定义 adb 命令</title>
        <desc>如果你会linux shell可以自定义adb命令调用执行</desc>
        <param name="Custom_CMD" title="自定义adb命令，格式：文件绝对路径 &#34;$@&#34;&#x000A;如果是动态库命令需要设置export LD_LIBRARY_PATH变量" desc="可在主页脚本执行器测试是否能执行，然后再设置！如果需要删除请留空然后点击确定，温馨提示：可用「MT管理器」长按目录或文件 -->点属性 -->点击目录即可复制目录绝对路径，长按目录或长按名称即可复制文件绝对路径" placeholder="事例：/system/bin/adb &#34;$@&#34;" value-sh="cat $ELF1_Path/adb"/>
        <set>. ./Custom_CMD.sh adb</set>
    </action>
<!-- END -->
<!-- START -->
    <action shell="hidden" auto-off="true" >
        <title>自定义 fastboot 命令</title>
        <desc>如果你会linux shell可以自定义fastboot命令调用执行</desc>
        <param name="Custom_CMD" title="自定义fastboot命令，格式：文件绝对路径 &#34;$@&#34;&#x000A;如果是动态库命令需要设置export LD_LIBRARY_PATH变量" desc="可在主页脚本执行器测试是否能执行，然后再设置！如果需要删除请留空然后点击确定，温馨提示：可用「MT管理器」长按目录或文件 -->点属性 -->点击目录即可复制目录绝对路径，长按目录或长按名称即可复制文件绝对路径" placeholder="事例：/system/bin/fastboot &#34;$@&#34;" value-sh="cat $ELF1_Path/fastboot"/>
        <set>. ./Custom_CMD.sh fastboot</set>
    </action>
<!-- END -->
<!-- START -->
    <action confirm="true" auto-off="true" interruptible="false">
        <title>刷新云端状态</title>
        <desc>每天自动检查一次，可在此手动刷新</desc>
        <set>. ./CheckUpdate2.sh</set>
    </action>
<!-- END -->
<!-- START -->
    <action confirm="true" auto-off="true" interruptible="false">
        <title>清除全部缓存</title>
        <set>rm -rf $TMPDIR ~/downloader $ShellScript/cache $TMPDIR $Data_Dir/.Empty; am start -S $Package_name/com.projectkr.shell.SplashActivity</set>
    </action>
<!-- END -->
<!-- START -->
    <action confirm="true" auto-off="true" interruptible="false">
        <title>清除应用数据</title>
        <set>pm clear $Package_name; am start -n $Package_name/com.projectkr.shell.SplashActivity</set>
    </action>
<!-- END -->
<!-- START -->
    <action confirm="true" interruptible="false">
        <title>清除搜索结果</title>
        <set>rm -f $Pages/Search_Results.xml $Pages/ADB/Search_Results.xml; am start -S $Package_name/com.projectkr.shell.SplashActivity</set>
    </action>
<!-- END -->
<!-- START -->
    <action confirm="true" auto-off="true" interruptible="false">
        <title>卸载搞机助手</title>
        <set>pm uninstall $Package_name</set>
    </action>
<!-- END -->
</group>