show=false
if [[ -f $Load ]]; then
    if [[ $Version_code -eq $New_Code ]]; then
        title='更新日志'
        show=true
    elif [[ $Version_code -lt $New_Code ]]; then
        title="发现新版本"
        show=true
    else
        title="未知版本"
        show=true
    fi
elif [[ ! -f $Core ]]; then
    title="初始化功能失败"
elif [[ ! -f $Load ]]; then
    title="初始化配置失败"
fi

cat <<Han
<?xml version="1.0" encoding="utf-8"?>
<resource dir="file:///android_asset/Configuration_File" />
<group>
Han

cat <<Han
    <text visible="[[ $Have_ROOT = false]] &#38;&#38; echo 1">
        <slices>
            <slice size="14" color="#FF9900">未能获取到Root权限，能用啥功能自己去试吧</slice>
        </slices>
    </text>
Han

cat <<Han
    <page html="`echo $CODING/Update_History.md`">
        <title>$title</title>
        <summary sh=". ./CheckUpdate.sh" />
    </page>
</group>
Han

if $show; then
cat <<Han

<group title="搜索">
    <action reload="true" auto-off="true" interruptible="false">
        <title>搜索本页功能</title>
        <params>
            <param name="Content" title="输入你要搜索的功能标题，不区分大小写" required="true" />
        </params>
        <set>. ./Search_Content.sh \$Pages</set>
    </action>
    <page title="搜索结果" config-sh="cat \$Pages/Search_Results.xml" visible="[[ \`wc -l 2>/dev/null &#60; \$Pages/Search_Results.xml\` -gt 13 ]] &#38;&#38; echo 1 || echo 0"/>
    <action confirm="false" interruptible="false" visible="[[ \`wc -l 2>/dev/null &#60; \$Pages/Search_Results.xml\` -gt 13 ]] &#38;&#38; echo 1 || echo 0" >
        <title>清除搜索结果</title>
        <set>rm -f $Pages/Search_Results.xml $Pages/ADB/Search_Results.xml; am start -S $Package_name/com.projectkr.shell.SplashActivity</set>
    </action>
</group>
<group title="功能区">
    <pages>
        <page title="Magisk专区" config-sh="cat \$Pages/Magisk.xml" visible="[[ -n \`which magisk\` ]] &#38;&#38; echo 1" />
        <page title="Magisk模块仓库" before-load=". \$ShellScript/Magisk_Module/Print_Magisk_Warehouse.sh" config-sh="cat \$Pages/Magisk_Warehouse.xml" visible="([[ -n \`which magisk\` ]] || [[ -x /data/adb/apd ]]) &#38;&#38; echo 1"/>
        <page title="应用仓库" before-load=". \$ShellScript/Print_App_Store.sh" config-sh="cat \$Pages/App_Store.xml" />
        <page title="应用程序专区" config-sh="cat \$Pages/APK.xml" />
        <page title="开机页面专区" config-sh="cat \$Pages/Boot_Animation.xml" />
        <page title="MIUI专区" config-sh="cat \$Pages/MIUI.xml" visible="[[ `sh ./support/Check_Ui_miui.sh` = 0 ]] || echo 1" />
        <page title="极客专区" config-sh="cat \$Pages/Geek.xml" visible="[[ -n \`which magisk\` ]] || echo 1" />
        <page title="Root专区" config-sh="cat \$Pages/ROOT.xml" />
        <page title="镜像分区专区" config-sh="cat \$Pages/IMG_Function.xml" />
        <page title="系统调试专区" config-sh="cat \$Pages/WanJi.xml" />
        <page title="附加功能专区" config-sh="cat \$Pages/FuJia.xml" />
        <page title="Termux专区" config-sh="cat \$Pages/Termux.xml" visible="[[ -d &#34;$DATA_DIR/com.termux&#34; ]] &#38;&#38; echo 1" />
        <page title="充电控制专区" config-sh="cat \$Pages/Charging_control.xml" visible="[[ -f $Charging_control || -f $Charging_control2 ]] &#38;&#38; echo 1" />
        <page title="高级重启" config-sh="cat \$Pages/Advanced_Restart.xml" />
    </pages>
</group>
<group title="其它">
	<action>
        <title>命令执行器</title>
        <params>
            <param name="CMD" title="输入命令点击确认即可，多行命令用键盘上的回车换行" desc="可通过which 命令、去查找命令是否存在" required="true" value-sh="cat $ShellScript/Shell2.sh" />
        </params>
        <set>. ./Shell.sh</set>
    </action>
    <action>
        <title>脚本执行器</title>
        <params>
            <param name="File" type="file" suffix="sh" editable="true" title="可输入脚本文件绝对路径，也可以使用文件选择器选择文件"  required="true" />
        </params>
        <set>cd /; . &#34;\$File&#34;</set>
    </action>
    <page title="实用网址推荐" config-sh="cat \$Pages/Practical_Web_address.xml" />
    <page title="搞机助手选项区" config-sh="cat \$Pages/GJZS.xml" />
</group>
Han
fi