<?xml version="1.0" encoding="utf-8"?>
<group title="温馨提示">
<!-- START -->
    <text visible=". ./switchs/Close_Core_Mode_Get.sh">
        <slices>
            <slice size="18" color="#FFFF0000">已检测到Magisk核心模式，模块已被自动禁用</slice>
        </slices>
    </text>
<!-- END -->
<!-- START -->
    <text visible=". ./support/Missing_file.sh">
        <slices>
            <slice size="18" color="#FFFF0000">检测到Magisk需要修复运行环境，缺失Magisk正常工作所需的文件，如果不修复您将无法使用模块功能，可在Magisk Manger里修复，也可在下方一键修复</slice>
        </slices>
    </text>
<!-- END -->
</group>
<group title="模块区">
    <pages>
<!-- START -->
        <page before-load=". $ShellScript/Magisk_Module/Print_Magisk_Warehouse.sh" config-sh="cat $Pages/Magisk_Warehouse.xml" locked="$LOCKED">
            <title>Magisk模块仓库</title>
        </page>
<!-- END -->
<!-- START -->
        <page config-sh=". $ShellScript/Magisk_Module/Modules_Management_page.sh" locked="$LOCKED">
            <title>Magisk模块管理</title>
            <set>ChongQi=$menu_id; CQ</set>
        </page>
<!-- END -->
    </pages>
<!-- START -->
    <action interruptible="false" locked="$LOCKED">
        <title>添加单个Magisk模块</title>
        <set>sh $install_MOD $Compatible $Error "$File" 0</set>
        <params>
            <param name="ChongQi" label="是否刷完模块自动重启系统" type="switch" />
            <param name="Error" label="不显示模块里的错误信息" desc="注释：该错误信息log来自模块里，关闭状态时会显示完整日志等于Magisk的保存日志功能。" type="switch" value="1" />
            <param name="Compatible" label="使用兼容模式（兼容旧模块）" desc="注：该「兼容模式」需要模块作者遵守Magisk Modules开发指南规定，不更改update-binary脚本" type="switch" value="1" />
            <param name="File" title="可输入模块文件绝对路径，也可以使用文件选择器选择文件" type="file" suffix="zip" editable="true" required="true"/>
        </params>
    </action>
<!-- END -->
<!-- START -->
    <action interruptible="false" locked="$LOCKED">
        <title>批量刷入指定目录里的Magisk模块</title>
        <desc>此功能会刷入指定目录下的所有模块</desc>
        <set>. ./Magisk_Module/Add_Modules.sh</set>
        <params>
            <param name="Search_Dir" label="搜索子目录？" type="checkbox" />
            <param name="ChongQi" label="是否刷完模块自动重启系统" type="switch" />
            <param name="Compatible" label="使用兼容模式（兼容旧模块）" desc="注：该「兼容模式」需要模块作者遵守Magisk Modules开发指南规定，不更改update-binary脚本" type="switch" value="1" />
            <param name="Error" label="不显示模块里的错误信息" desc="注释：该错误信息log来自模块里，关闭状态时会显示完整日志等于Magisk的保存日志功能。" type="switch" value="1" />
            <param name="File_Dir" title="可输入目录绝对路径，也可以通过文件选择器长按选定目录" type="folder" editable="true" required="true" value-sh="Dir=$Data_Dir/Add_Modules.log; if [[ -f $Dir ]]; then cat $Dir; else echo $GJZS/Add_Modules; fi" />
        </params>
    </action>
<!-- END -->
<!-- START -->
    <action>
        <title>检查Magisk模块</title>
        <desc>检查Magisk模块内是否有dd或rm操作</desc>
        <set>. ./Magisk_Module/Check_Module.sh</set>
        <params>
            <param name="Check_dd" label="检查dd行为" type="checkbox" value="1" />
            <param name="Check_rm" label="检查rm行为" type="checkbox" value="1" />
            <param name="File" title="可输入模块文件绝对路径，也可以使用文件选择器选择文件" type="file" suffix="zip" editable="true" required="true"/>
        </params>
    </action>
<!-- END -->
</group>
<group title="杂项">
<!-- START -->
    <action interruptible="false" id="Hide_Magisk_su">
        <title>隐藏/恢复Magisk的Root权限</title>
        <desc>此功能相当于临时卸载Magisk，让Magisk彻底失去Root权限，这样就可以避免软件检测到Root无法使用，同时搞机助手也会失去Root权限可点击跳过即可。选择恢复默认可立即恢复，无需重启手机</desc>
        <set>. ./Hide_Magisk_su.sh</set>
        <params>
            <param name="Option" title="选择功能：" options-sh="printf '1|①　隐藏\n0|②　恢复默认'" required="true" />
        </params>
    </action>
<!-- END -->
<!-- START -->
    <switch confirm="true" reload="true" shell="hidden" interruptible="false" visible=". ./support/Close_Core_Mode.sh"  locked="$LOCKED">
        <title>Magisk 核心功能模式</title>
        <desc>仅启用核心功能，不加载任何模块。MagiskSU 和 MagiskHide 仍会持续运作</desc>
        <summary>注：此功能还可以一键修复部分系统开始核心模式后，重启又变成关闭状态</summary>
        <get>. ./switchs/Close_Core_Mode_Get.sh</get>
        <set>. ./switchs/Close_Core_Mode_Set.sh</set>
    </switch>
<!-- END -->
<!-- START -->
    <action interruptible="false" id="@Update_Magisk" reload="@Update_Magisk"  locked="$LOCKED">
        <title>一键更新Magisk.zip &amp; Magisk Manager.apk（稳定版）</title>
        <desc sh=". ./Magisk_Module/Check_Magisk_Version.sh"></desc>
        <set>. ./Install_Magisk.sh -update</set>
        <params>
            <param name="ChongQi" label="是否刷完模块自动重启系统" type="switch" />
        </params>
    </action>
<!-- END -->
<!-- START -->
    <action interruptible="false">
        <title>解密Magisk模块</title>
        <desc>解密被加密的Magisk模块</desc>
        <set>. ./Decryption_Module.sh</set>
        <params>
            <param name="ZIPFILE" type="file" suffix="zip" editable="true" required="true" title="可输入模块文件绝对路径，也可以使用文件选择器选择文件" />
        </params>
    </action>
<!-- END -->
<!-- START -->
    <action interruptible="false">
        <title>自定义Magisk更新通道</title>
        <set>. ./Magisk_Custom_Channel.sh</set>
        <params>
            <param name="Magisk_Manager" title="设置Magisk Manger包名" placeholder="自动识别请留空" value-sh="cat $Data_Dir/Magisk_Manager_Package_name.log"/>
        </params>
    </action>
<!-- END -->
<!-- START -->
    <action confirm="true" auto-off="true" interruptible="false"  locked="$LOCKED">
        <title>一键修复Magisk运行环境</title>
        <desc>一键修复进入Magisk Manager提示：需要修复运行环境，缺失Magisk正常工作所需的文件。 将下载Magisk安装包进行修复安装，完成后自动重启</desc>
        <set>. ./Install_Magisk.sh -repair</set>
    </action>
<!-- END -->
<!-- START -->
    <action confirm="true" auto-off="true" interruptible="false"  locked="$LOCKED">
        <title>一键修复Magisk异常状态</title>
        <desc>一键修复进入Magisk提示：Magisk不支持安装为系统应用，请还原为用户应用。</desc>
        <set>. ./Magisk_Module/Magisk_Abnormal_Repair.sh -Direct</set>
    </action>
<!-- END -->
</group>
<group title="Magisk仓库翻译">
<!-- START -->
    <action interruptible="false" locked="$LOCKED">
        <title>对面具仓库模块描述进行翻译</title>
        <desc>Special thanks to "by：巴啦啦魔仙女王 @coolapk"</desc>
        <set>. $ShellScript/MultiFunction.sh mjckfy -$C</set>
        <params>
            <param name="C" label="翻译模式" options-sh="printf 't|翻译为中文\nr|恢复默认'" desc="注：如果翻译后没效果可选择恢复默认然后再重新翻译即可" />
            <param name="Translation_Mode" label="翻译方式" desc="注：只有使用字典才可以进行多次翻译无需恢复默认再翻译，联网翻译无法进行多次翻译" options-sh="printf 'Dictionary|使用字典（推荐）\nBaidu|百度翻译（备用）'" />
            <param name="Number_of_threads" label="设置多线程数值" desc="注：仅字典支持多线程翻译" value="50" type="int" required="true" />
            <param name="Magisk_Manager" title="设置Magisk Manger包名" placeholder="自动识别请留空" value-sh="cat $Data_Dir/Magisk_Manager_Package_name.log"/>
        </params>
    </action>
<!-- END -->
<!-- START -->
    <action interruptible="false" shell="bg-task" visible=". ./support/Check_SDK_lt_28.sh" locked="$LOCKED">
        <title>对面具仓库模块描述进行翻译「放入通知栏执行」</title>
        <desc>Special thanks to "by：巴啦啦魔仙女王 @coolapk"</desc>
        <set>. $ShellScript/MultiFunction.sh mjckfy -$C</set>
        <params>
            <param name="C" label="翻译/恢复默认" options-sh="printf 't|翻译为中文\nr|恢复默认'" desc="注：如果翻译后没效果可选择恢复默认然后再重新翻译即可" />
            <param name="Translation_Mode" label="翻译方式" desc="注：只有使用字典才可以进行多次翻译无需恢复默认再翻译，联网翻译无法进行多次翻译" options-sh="printf 'Dictionary|使用字典（推荐）\nBaidu|百度翻译（备用）'" />
            <param name="Number_of_threads" label="设置多线程数值" desc="注：仅字典支持多线程翻译" value="50" type="int" required="true" />
            <param name="Magisk_Manager" title="设置Magisk Manger包名" placeholder="自动识别请留空" value-sh="cat $Data_Dir/Magisk_Manager_Package_name.log"/>
        </params>
    </action>
<!-- END -->
</group>
<group title="备份/恢复模块">
    <!-- START -->
    <action interruptible="false" locked="$LOCKED">
        <title>一键恢复已备份的Magisk模块</title>
        <set>. ./Magisk_Module/Recover_Modules.sh</set>
        <params>
            <param name="File" type="file" suffix="tgz" editable="true" required="true" title="可输入模块文件绝对路径，也可以使用文件选择器选择文件"/>
        </params>
    </action>
<!-- END -->
<!-- START -->
    <action interruptible="false" confirm="true" locked="$LOCKED">
        <title>一键备份已安装的所有Magisk模块</title>
        <desc>压缩模块安装目录达到备份目的，不通用</desc>
        <set>. ./Magisk_Module/Bak_Modules.sh</set>
    </action>
<!-- END -->
<!-- START -->
    <picker interruptible="false" multiple="true" options-sh=". ./Magisk_Module/Modules_List.sh" locked="$LOCKED">
        <title>自选方式备份已安装的模块</title>
        <desc>压缩模块安装目录达到备份目的，不通用</desc>
        <set>. ./Magisk_Module/Customize_Bak_Modules.sh</set>
    </picker>
<!-- END -->
</group>