<?xml version="1.0" encoding="utf-8"?>
<group title="杂项">
<!-- START -->
    <page config-sh=". $ShellScript/MIUI_ROM_Links.sh">
        <title>MIUI「系统更新」ROM地址获取 &#38; 校验MD5</title>
        <desc>包含当前/最新版本的/开发/稳定版，完整/增量包</desc>
    </page>
<!-- END -->
<!-- START -->
    <page html="https://lanzoui.com/s/28256">
        <title>MIUI应用集合</title>
        <desc>下载后可用小米自带的文件管理进行安装，卸载应用更新即可恢复默认</desc>
    </page>
<!-- END -->
<!-- START -->
    <page config-sh=". $ShellScript/MIUI_NFC_IMG.sh">
        <title>NFC图片管理</title>
    </page>
<!-- END -->
<!-- START -->
    <switch shell="hidden" auto-off="true" interruptible="false">
        <title>允许第三方应用更新系统应用</title>
        <desc>理论上全机型通用，即时生效</desc>
        <get>. ./switchs/MIUI/MIUI_AllowSystemPackageUpdate_Get.sh</get>
        <set>. ./switchs/MIUI/MIUI_AllowSystemPackageUpdate_Set.sh</set>
    </switch>
<!-- END -->
<!-- START -->
    <action>
        <title>开启MIUI性能模式</title>
        <desc>点击即开启，可在手机管家中查看是否显示性能模式</desc>
        <set>setprop persist.sys.power.default.powermode 1</set>
    </action>
<!-- END -->
<!-- START -->
    <action interruptible="false">
        <title>打开/关闭传感器保护</title>
        <desc>MIUI似乎去掉了关闭所有传感器的开关，可以在这里打开传感器保护</desc>
        <set>if [[ $x == 0 ]];then service call sensor_privacy 8 i32 0; service call sensor_privacy 4 i32 0; echo "已关闭传感器保护，可以打开相机测试是否生效"; else service call sensor_privacy 8 i32 1; service call sensor_privacy 4 i32 1; echo "已打开传感器保护，可以打开相机测试是否生效"; fi</set>
        <params>
            <param name="x" options-sh="echo -e '0|恢复默认'\\n'1|打开传感器保护'" />
        </params>
    </action>
<!-- END -->
<!-- START -->
    <action interruptible="false">
        <title>自选方式卸载MIUI预装APP</title>
        <desc>默认自动勾选全部</desc>
        <set>. ./Uninstall_pre-installed_Apps.sh</set>
            <param name="package" type="app" multiple="true" options-sh="cat $Data_Dir/MIUI_Preloaded_app.log" value-sh="cat $Data_Dir/MIUI_Preloaded_app.log" />
    </action>
<!-- END -->
<!-- START -->
    <action id="@miwallpaper" reload="@miwallpaper">
        <title>添加超级壁纸功能</title>
        <summary>可在下面快速进入页面功能里进入超级壁纸设置页面; 也可以在设置 -->壁纸 -->超级壁纸 -->进入</summary>
        <desc sh=". $Load com.miui.miwallpaper; echo -e &quot;已上传版本：$version（$versionCode）&quot;" />
        <params>
            <param name="Sound" title="请选择对应功能" options-sh="printf 'install|安装\nuninstall|卸载'" />
        </params>
        <set>. ./install_apk-2.sh miwallpaper com.miui.miwallpaper</set>
    </action>
<!-- END -->
<!-- START -->
    <action id="@miwallpaper" reload="@miwallpaper">
        <title>雪山超级壁纸</title>
        <desc sh=". $Load com.miui.miwallpaper.snowmountain; echo -e &quot;已上传版本：$version（$versionCode）&quot;" />
        <params>
            <param name="Sound" title="请选择对应功能" options-sh="printf 'install|安装\nuninstall|卸载'" />
        </params>
        <set>. ./install_apk-2.sh com.miui.miwallpaper.snowmountain</set>
    </action>
<!-- END -->
<!-- START -->
    <action interruptible="false">
        <title>一键解压小米全机型线刷包</title>
        <set>sh ./JieYa_tgz.sh</set>
        <params>
            <param name="Source_File" type="file" suffix="tgz" editable="true" required="true" title="可输入文件绝对路径，也可以使用文件选择器选择文件"  />
            <param name="Dir" title="可输入目录绝对路径，也可以通过文件选择器长按选定目录，留空为解压到源文件目录" type="folder" editable="true" value-sh="Dir=$Data_Dir/JieYa_tgz.log; if [[ -f $Dir ]]; then cat $Dir; else echo $GJZS; fi " />
        </params>
    </action>
<!-- END -->
<!-- START -->
    <switch shell="hidden" auto-off="true" interruptible="false" visible="[[ &#96;getprop ro.board.platform&#96; = lahaina ]] &#38;&#38; echo 1 || echo 0">
        <title>卓越性能</title>
        <desc>解除游戏锁频/锁帧及高温提示</desc>
        <get>getprop vtools.thermal.disguise</get>
        <set>. ./switchs/MIUI/MIUI_ThermalDisguise_Set.sh</set>
    </switch>
<!-- END -->
<!-- START -->
    <switch auto-off="true" interruptible="false">
        <title>打开MIUI相机设置里隐藏的某些高级设置</title>
        <desc>- 关闭此开关为恢复默认</desc>
        <get>. ./switchs/MIUI/MIUI_Camera_Advanced_Settings_Get.sh</get>
        <set>. ./switchs/MIUI/MIUI_Camera_Advanced_Settings_Set.sh</set>
    </switch>
<!-- END -->
<!-- START -->
    <switch auto-off="true" interruptible="false">
        <title>充电提示音</title>
        <desc>- 关闭此开关为去除充电提示音</desc>
        <get>settings get global power_sounds_enabled</get>
        <set>settings put global power_sounds_enabled $state</set>
    </switch>
<!-- END -->
<!-- START -->
    <action confirm="true" interruptible="false">
        <title>修复权限管理服务屡次停止运行</title>
        <set>. ./Repair_Rights_Management.sh</set>
    </action>
<!-- END -->
<!-- START -->
    <action confirm="true" interruptible="false">
        <title>禁用/恢复MIUI检查更新</title>
        <desc>禁用MIUI检查更新，第一次执行为禁用，再次执行为恢复</desc>
        <set>. ./Block_MIUI_Update.sh</set>
    </action>
<!-- END -->
<!-- START -->
    <action confirm="true" interruptible="false">
        <title>提取桌面壁纸</title>
        <desc>不支持默认/动态壁纸</desc>
        <set>. ./Extraction_wallpaper.sh wallpaper 桌面</set>
    </action>
<!-- END -->
<!-- START -->
    <action confirm="true" interruptible="false">
        <title>提取锁屏壁纸</title>
        <desc>不支持默认/动态壁纸</desc>
        <set>. ./Extraction_wallpaper.sh lock_wallpaper 锁屏</set>
    </action>
<!-- END -->
<!-- START -->
    <action confirm="true" interruptible="false">
        <title>提取主题壁纸的开机动画</title>
        <desc>提取出主题壁纸 -->模块混搭 -->所有开机动画</desc>
        <set>. ./Extract_MIUI_bootanimation.sh</set>
    </action>
<!-- END -->
</group>
<group title="Magisk模块修改区">
<!-- START -->
    <switch auto-off="true" interruptible="false">
        <title>去除插入充电提示音</title>
        <desc>- 关闭此开关为恢复默认</desc>
        <get>. ./switchs/MIUI/Sound_Effect_Replace_Get.sh -mask charging.ogg</get>
        <set>. ./switchs/MIUI/Sound_Effect_Replace_Set.sh -mask charging.ogg</set>
    </switch>
<!-- END -->
<!-- START -->
    <switch auto-off="true" interruptible="false">
        <title>去除断开充电提示音</title>
        <desc>- 关闭此开关为恢复默认</desc>
        <get>. ./switchs/MIUI/Sound_Effect_Replace_Get.sh -mask disconnect.ogg</get>
        <set>. ./switchs/MIUI/Sound_Effect_Replace_Set.sh -mask disconnect.ogg</set>
    </switch>
<!-- END -->
<!-- START -->
    <switch auto-off="true" interruptible="false">
        <title>去除无线充电提示音</title>
        <desc>- 关闭此开关为恢复默认</desc>
        <get>. ./switchs/MIUI/Sound_Effect_Replace_Get.sh -mask charge_wireless.ogg</get>
        <set>. ./switchs/MIUI/Sound_Effect_Replace_Set.sh -mask charge_wireless.ogg</set>
    </switch>
<!-- END -->
<!-- START -->
<switch auto-off="true" interruptible="false">
        <title>去除退出静音模式提示音</title>
        <desc>- 关闭此开关为恢复默认</desc>
        <get>. ./switchs/MIUI/Sound_Effect_Replace_Get.sh -mask WaterDrop_preview.ogg</get>
        <set>. ./switchs/MIUI/Sound_Effect_Replace_Set.sh -mask WaterDrop_preview.ogg</set>
    </switch>
<!-- END -->
<!-- START -->
    <switch auto-off="true" interruptible="true">
        <title>去除低电量提示音</title>
        <desc>- 关闭此开关为恢复默认</desc>
        <get>. ./switchs/MIUI/Sound_Effect_Replace_Get.sh -mask LowBattery.ogg</get>
        <set>. ./switchs/MIUI/Sound_Effect_Replace_Set.sh -mask LowBattery.ogg</set>
    </switch>
<!-- END -->
<!-- START -->
    <switch auto-off="true" interruptible="true">
        <title>去除锁屏提示音</title>
        <desc>- 关闭此开关为恢复默认</desc>
        <get>. ./switchs/MIUI/Sound_Effect_Replace_Get.sh -mask Lock.ogg</get>
        <set>. ./switchs/MIUI/Sound_Effect_Replace_Set.sh -mask Lock.ogg</set>
    </switch>
<!-- END -->
<!-- START -->
    <switch auto-off="true" interruptible="true">
        <title>去除解锁提示音</title>
        <desc>- 关闭此开关为恢复默认</desc>
        <get>. ./switchs/MIUI/Sound_Effect_Replace_Get.sh -mask Unlock.ogg</get>
        <set>. ./switchs/MIUI/Sound_Effect_Replace_Set.sh -mask Unlock.ogg</set>
    </switch>
<!-- END -->
<!-- START -->
    <action auto-off="true" interruptible="false">
        <title>音效试听</title>
        <set>. ./Charging_Sound_Effect_Play.sh</set>
        <params>
            <param name="music" title="请选择音乐" options-sh="tail -n +2 ./Charging_Sound_Effect_Music_Options.sh" />
        </params>
    </action>
<!-- END -->
<!-- START -->
    <action>
        <title>音效修改</title>
        <set>. ./Charging_Sound_Effect_Set.sh -mask</set>
        <params>
            <param name="install_Way" label="选择安装方式" options-sh="printf '1|修改\n0|恢复默认'" />
            <param name="Sound" label="音效" desc="选择要修改/恢复的音效" options-sh="cat ./Charging_Sound_Effect_Sound_Option.sh" />
            <param name="music" title="请选择音乐" desc="可先用上面的音效试听功能先试听后再选择" options-sh="cat ./Charging_Sound_Effect_Music_Options.sh" required="true"/>
            <param name="ZiDY_Effect" title="当上面选择自定义文件时才生效" type="file" editable="true" title="可输入音频文件绝对路径，也可以使用文件选择器选择文件" desc="温馨提示：可用「MT管理器」长按目录或文件 -->点属性 -->点击目录即可复制目录绝对路径，长按目录或长按名称即可复制文件绝对路径" />
        </params>
    </action>
<!-- END -->
</group>
<group title="直接修改system区">
<!-- START -->
    <switch auto-off="true" interruptible="false">
        <title>开启双人脸识别</title>
        <desc>- 关闭此开关为恢复默认，注：需要MIUI 11+，重启生效！</desc>
        <get>. ./switchs/MIUI/Double_Face_Recognition_Get.sh -system</get>
        <set>. ./switchs/MIUI/Double_Face_Recognition_Set.sh -system</set>
    </switch>
<!-- END -->
<!-- START -->
    <switch auto-off="true" interruptible="false">
        <title>去除插入充电提示音</title>
        <desc>- 关闭此开关为恢复默认</desc>
        <get>. ./switchs/MIUI/Sound_Effect_Replace_Get.sh -system charging.ogg</get>
        <set>. ./switchs/MIUI/Sound_Effect_Replace_Set.sh -system charging.ogg</set>
    </switch>
<!-- END -->
<!-- START -->
    <switch auto-off="true" interruptible="false">
        <title>去除断开充电提示音</title>
        <desc>- 关闭此开关为恢复默认</desc>
        <get>. ./switchs/MIUI/Sound_Effect_Replace_Get.sh -system disconnect.ogg</get>
        <set>. ./switchs/MIUI/Sound_Effect_Replace_Set.sh -system disconnect.ogg</set>
    </switch>
<!-- END -->
<!-- START -->
    <switch auto-off="true" interruptible="false">
        <title>去除无线充电提示音</title>
        <desc>- 关闭此开关为恢复默认</desc>
        <get>. ./switchs/MIUI/Sound_Effect_Replace_Get.sh -system charge_wireless.ogg</get>
        <set>. ./switchs/MIUI/Sound_Effect_Replace_Set.sh -system charge_wireless.ogg</set>
    </switch>
<!-- END -->
<!-- START -->
    <switch auto-off="true" interruptible="false">
        <title>去除退出静音模式提示音</title>
        <desc>- 关闭此开关为恢复默认</desc>
        <get>. ./switchs/MIUI/Sound_Effect_Replace_Get.sh -system WaterDrop_preview.ogg</get>
        <set>. ./switchs/MIUI/Sound_Effect_Replace_Set.sh -system WaterDrop_preview.ogg</set>
    </switch>
<!-- END -->
<!-- START -->
    <switch auto-off="true" interruptible="true">
        <title>去除低电量提示音</title>
        <desc>- 关闭此开关为恢复默认</desc>
        <get>. ./switchs/MIUI/Sound_Effect_Replace_Get.sh -system LowBattery.ogg</get>
        <set>. ./switchs/MIUI/Sound_Effect_Replace_Set.sh -system LowBattery.ogg</set>
    </switch>
<!-- END -->
<!-- START -->
    <switch auto-off="true" interruptible="true">
        <title>去除锁屏提示音</title>
        <desc>- 关闭此开关为恢复默认</desc>
        <get>. ./switchs/MIUI/Sound_Effect_Replace_Get.sh -system Lock.ogg</get>
        <set>. ./switchs/MIUI/Sound_Effect_Replace_Set.sh -system Lock.ogg</set>
    </switch>
<!-- END -->
<!-- START -->
    <switch auto-off="true" interruptible="true">
        <title>去除解锁提示音</title>
        <desc>- 关闭此开关为恢复默认</desc>
        <get>. ./switchs/MIUI/Sound_Effect_Replace_Get.sh -system Unlock.ogg</get>
        <set>. ./switchs/MIUI/Sound_Effect_Replace_Set.sh -system Unlock.ogg</set>
    </switch>
<!-- END -->
<!-- START -->
    <action auto-off="true" interruptible="false">
        <title>音效试听</title>
        <set>. ./Charging_Sound_Effect_Play.sh</set>
        <params>
            <param name="music" title="请选择音乐" options-sh="tail -n +2 ./Charging_Sound_Effect_Music_Options.sh" />
        </params>
    </action>
<!-- END -->
<!-- START -->
    <action>
        <title>音效修改</title>
        <set>. ./Charging_Sound_Effect_Set.sh -system</set>
        <params>
            <param name="install_Way" label="选择安装方式" options-sh="printf '1|修改\n0|恢复默认'" />
            <param name="Sound" label="音效" desc="选择要修改/恢复的音效" options-sh="cat ./Charging_Sound_Effect_Sound_Option.sh" />
            <param name="music" title="请选择音乐" desc="可先用上面的音效试听功能先试听后再选择" options-sh="cat ./Charging_Sound_Effect_Music_Options.sh" required="true"/>
            <param name="ZiDY_Effect" title="当上面选择自定义文件时才生效" type="file" editable="true" title="可输入音频文件绝对路径，也可以使用文件选择器选择文件" desc="温馨提示：可用「MT管理器」长按目录或文件 -->点属性 -->点击目录即可复制目录绝对路径，长按目录或长按名称即可复制文件绝对路径" />
        </params>
    </action>
<!-- END -->
</group>
<group title="游戏工具箱/视频工具箱功能区，MIUI12无效">
<!-- START -->
    <switch auto-off="true" interruptible="false">
        <title>去除官方默认推介的快捷窗口应用</title>
        <desc>仅去除下方官方默认推介的快捷窗口，不影响QQ与微信入口，同样也不影响自定义添加的。「关闭此开关为关闭推介」</desc>
        <get>. ./switchs/MIUI/Game_Toolbox_Promote_Get.sh</get>
        <set>. ./switchs/MIUI/Game_Toolbox_Promote_Set.sh</set>
    </switch>
<!-- END -->
<!-- START -->
    <action>
        <title>添加快捷窗口应用</title>
        <desc>支持③种方案可自由选择</desc>
        <set>. ./Game_Toolbox.sh</set>
        <params>
            <param name="XuanZe" title="请选择方案：" options-sh="printf '3|① 已安装的第三方应用\n0|② 本机所有应用包含系统应用\nCustomize|③ 自定义添加'" />
            <param name="Customize_APK" title="请输入你要自定义添加的APK应用包名" desc="注：只有选择方案③自定义添加才会生效，添加多个包名时请用回车键换行即可" />
        </params>
    </action>
<!-- END -->
<!-- START -->
    <action interruptible="false">
        <title>自选系统应用添加</title>
        <desc>默认自动勾选已添加过的</desc>
        <set>. ./Customize_Add.sh</set>
            <param name="package" type="app" multiple="true" options-sh=". ./Get_Package_Name-s.sh" value-sh="cat $Game_Toolbox_File|sed '/^Han$/d'" />
    </action>
<!-- END -->
<!-- START -->
    <action interruptible="false">
        <title>自选三方应用添加</title>
        <desc>默认自动勾选已添加过的</desc>
        <set>. ./Customize_Add.sh</set>
            <param name="package" type="app" multiple="true" options-sh=". ./Get_Package_Name-3.sh" value-sh="cat $Game_Toolbox_File|sed '/^Han$/d'" />
    </action>
<!-- END -->
<!-- START -->
    <action interruptible="false">
        <title>快捷窗口应用查看 &amp; 删除①</title>
        <desc>查看添加了哪些快捷窗口应用包名(没有添加过则显示为空列表)，默认勾选全部，点执行即可删除</desc>
        <set>. ./Game_Toolbox_Delete.sh</set>
            <param name="package" type="app" multiple="true" options-sh="cat $Game_Toolbox_File|sed '/^Han$/d'" value-sh="cat $Game_Toolbox_File|sed '/^Han$/d'" />
    </action>
<!-- END -->
<!-- START -->
    <action interruptible="false">
        <title>快捷窗口应用查看 &amp; 删除②</title>
        <desc>查看添加了哪些快捷窗口应用包名(没有添加过则显示为空列表)，默认不勾选，点执行即可删除</desc>
        <set>. ./Game_Toolbox_Delete.sh</set>
            <param name="package" type="app" multiple="true" options-sh="cat $Game_Toolbox_File|sed '/^Han$/d'" />
    </action>
<!-- END -->
</group>
<group title="快速进入界面">
<!-- START -->
    <page activity="com.android.settings/com.android.settings.Settings$SpeakerSettingsActivity" visible=". ./support/MIUI_Super_wallpaper.sh" >
        <title>扬声器清理</title>
    </page>
<!-- END -->
<!-- START -->
    <page activity="com.miui.miwallpaper/com.miui.miwallpaper.activity.SuperWallpaperListActivity" visible=". ./support/MIUI_Super_wallpaper.sh" >
        <title>超级壁纸</title>
    </page>
<!-- END -->
<!-- START -->
    <page activity="com.xiaomi.misettings/com.xiaomi.misettings.display.ScreenExpertActivity" >
        <title>高级显示风格</title>
    </page>
<!-- END -->
<!-- START -->
    <page activity="com.xiaomi.misettings/com.xiaomi.misettings.display.AntiFlickerMode.AntiFlickerActivity" >
        <title>防闪烁模式</title>
    </page>
<!-- END -->
<!-- START -->
    <page activity="com.android.settings/com.android.settings.fuelgauge.PowerModeSettings">
        <title>切换手机运行模式</title>
    </page>
<!-- END -->
<!-- START -->
    <page activity="com.android.settings/com.android.settings.bootloader.BootloaderStatusActivity">
        <title>设备解锁状态</title>
    </page>
<!-- END -->
<!-- START -->
    <page activity="com.android.settings/com.android.settings.ad.AdServiceSettings">
        <title>广告服务</title>
    </page>
<!-- END -->
<!-- START -->
    <page activity="com.miui.contentcatcher/com.miui.contentcatcher.autofill.activitys.AutofillSettingActivityImpl">
        <title>智能密码管理</title>
    </page>
<!-- END -->
<!-- START -->
    <page activity="com.miui.securitycenter/com.miui.powercenter.bootshutdown.PowerShutdownOnTime">
        <title>定时开关机</title>
    </page>
<!-- END -->
<!-- START -->
    <page activity="com.miui.securitycenter/com.miui.powercenter.batteryhistory.BatteryHistoryDetailActivity">
        <title>耗电历史</title>
    </page>
<!-- END -->
<!-- START -->
    <page activity="com.android.settings/com.android.settings.Settings$HighPowerApplicationsActivity">
        <title>电池优化</title>
    </page>
<!-- END -->
<!-- START -->
    <page activity="com.android.settings/com.android.settings.BatteryInfo">
        <title>电池信息</title>
    </page>
<!-- END -->
<!-- START -->
    <page activity="com.android.settings/com.android.settings.display.ClassicProtectionActivity">
        <title>经典护眼</title>
    </page>
<!-- END -->
<!-- START -->
    <page activity="com.android.settings/com.android.settings.display.PaperProtectionActivity">
        <title>纸质护眼</title>
    </page>
<!-- END -->
<!-- START -->
    <page activity="com.android.settings/com.android.settings.Settings$UserSettingsActivity">
        <title>多用户</title>
    </page>
<!-- END -->
<!-- START -->
    <page activity="com.android.settings/com.android.settings.fuelgauge.BatteryIndicatorStyle">
        <title>电池样式</title>
    </page>
<!-- END -->
<!-- START -->
    <page activity="com.android.settings/com.android.settings.privacy.PrivacyRevocationSettings">
        <title>隐私授权与撤回</title>
    </page>
<!-- END -->
</group>
