if ! $Have_ROOT; then
    exit 1
fi

if ! which fastboot adb &>/dev/null; then
cat <<Han
<?xml version="1.0" encoding="utf-8"?>
<group>
    <text>
        <slices>
            <slice size="14" color="#FF9900">未找到支持您设备$ABI的adb和fastboot命令，而且我也不会移植&#x000A;&#x000A;如果你有adb和fastboot命令可前往搞机助手功能区自定义adb和fastboot命令</slice>
        </slices>
    </text>
</group>
Han
exit 1
fi

cat <<Han
<?xml version="1.0" encoding="utf-8"?>
<group title="搜索">
    <action reload="true" interruptible="false">
        <title>搜索本页功能</title>
        <params>
            <param name="Content" title="输入你要搜索的功能标题，不区分大小写" required="true" />
        </params>
        <set>. ./Search_Content.sh \$Pages/ADB</set>
    </action>
    <page title="搜索结果" config-sh="cat \$Pages/ADB/Search_Results.xml" visible="[[ \`wc -l 2>/dev/null &#60; \$Pages/ADB/Search_Results.xml\` -gt 13 ]] &#38;&#38; echo 1 || echo 0"/>
    <action confirm="false" interruptible="false" visible="[[ \`wc -l 2>/dev/null &#60; \$Pages/ADB/Search_Results.xml\` -gt 13 ]] &#38;&#38; echo 1 || echo 0" >
        <title>清除搜索结果</title>
        <set>rm -f $Pages/Search_Results.xml $Pages/ADB/Search_Results.xml; am start -S $Package_name/com.projectkr.shell.SplashActivity</set>
    </action>
</group>

<group title="连接与断开">
    <action>
        <title>网络ADB调试</title>
        <desc>请确保设备在同一局域网内且已开启网络ADB服务</desc>
        <params>
            <param name="ip" title="输入IP地址"  required="true" value-sh="grep_prop ip \$Data_Dir/Connect_Network_adb.log"/>
            <param name="port" title="输入端口" required="true" value-sh="grep_prop port \$Data_Dir/Connect_Network_adb.log"/>
        </params>
        <set>. ./ADB/Connect_Network_adb.sh</set>
    </action>
    <action confirm="true" auto-off="true" interruptible="false">
        <title>断开所有ADB连接</title>
        <set>{ adb disconnect; stop adbd; adb kill-server; rm -rf &#34;$Data_Dir/Connect_Network_adb.log&#34;; } &#38;&#62;/dev/null</set>
    </action>
    <action confirm="true" auto-off="true" interruptible="false">
        <title>修复5037端口被占用</title>
        <set>p=\`pgrep -f 'tcp:5037'\`; if [[ -n &#34;\$p&#34; ]]; then kill -1 &#34;\$p&#34;; else echo "- 5037端口未占用"; fi; sleep 3</set>
    </action>
</group>

<group title="功能区">
    <pages>
        <page title="查看连接状态" config-sh="cat \$Pages/ADB/Check_device.xml" />
        <page title="ADB模式功能区" config-sh="cat \$Pages/ADB/System_Pattern.xml" />
        <page title="Recovery/Sideload模式功能区" config-sh="cat \$Pages/ADB/Recovery.xml" />
        <page title="Fastboot模式功能区" config-sh="cat \$Pages/ADB/FASTBOOT.xml" />
        <page title="高级重启" config-sh="cat \$Pages/ADB/ADB_Advanced_Restart.xml" />
        <page title="一键Root" config-sh="cat \$Pages/ADB/ROOT.xml" />
    </pages>
    <action interruptible="false">
        <title>查看ADB/Fastboot进程</title>
        <set>. ./ADB/View_adb_fastboot-PID.sh</set>
    </action>
</group>

<group title="其它">
    <action interruptible="false">
        <title>帮助</title>
        <set>cat \$Data_Dir/Help.log</set>
    </action>
    <action>
        <title>脚本执行器</title>
        <params>
            <param name="CMD" title="输入命令点击确认即可，多行命令用键盘上的回车换行" desc="可通过which 命令、去查找命令是否存在" required="true" value-sh="cat $ShellScript/Shell2.sh" />
        </params>
        <set>. ./Shell.sh</set>
    </action>
    <action>
        <title>sh脚本执行器</title>
        <params>
            <param name="File" type="file" suffix="sh" editable="true" title="可输入.sh文件绝对路径，也可以使用文件选择器选择文件" required="true"/>
        </params>
        <set>cd /; . &#34;\$File&#34;</set>
    </action>
</group>
Han