<?xml version="1.0" encoding="utf-8"?>
<group>
    <text>
        <slices>
            <slice size="14" color="#FF9900">警告</slice>
            <slice break="true"></slice>
            <slice break="true"></slice>
            <slice size="14" color="#FF9900">在使用本页面的功能之前，请确认你清楚自己将要做什么，以及做好数据备份</slice>
            <slice break="true"></slice>
            <slice break="true"></slice>
            <slice size="14" color="#FF9900">一旦使用了功能则代表你已阅读风险，出现的一切后果请自行承担风险</slice>
            <slice break="true"></slice>
            <slice break="true"></slice>
            <slice size="14" color="#FF9900">你已经被警告过了</slice>
        </slices>
    </text>
</group>

<group>
    <text>
        <title>特别鸣谢：topjohnwu</title>
        <summary sh=". $Load com.topjohnwu.magisk; echo &#34;已上传版本：$name-$version($versionCode).zip&#34;" />
    </text>
</group>
<group>
<!-- START -->
    <action interruptible="false">
        <title>一键修补boot镜像文件注入Magisk</title>
        <desc>修补boot.img来达到注入Magisk并Root</desc>
        <set>. $ShellScript/MultiFunction.sh Magisk -patched</set>
        <params>
            <param name="KEEPVERITY" label="保持强制加密" type="checkbox" />
            <param name="KEEPFORCEENCRYPT" label="保留 AVB 2.0/dm-verity" type="checkbox" />
            <param name="RECOVERYMODE" label="安装到 Recovery" type="checkbox" />
            <param name="File" type="file" suffix="img" editable="true" required="true" title="可输入boot.img文件绝对路径，也可以使用文件选择器选择文件" desc="温馨提示：可用「MT管理器」长按目录或文件 -->点属性 -->点击目录即可复制目录绝对路径，长按目录或长按名称即可复制文件绝对路径" />
        </params>
    </action>
<!-- END -->
<!-- START -->
    <action interruptible="false">
        <title>一键往卡刷包里注入Magisk.zip</title>
        <desc>原理：卡刷完ROM后自动刷入Magisk来Root系统同时可以避免官方ROM的rec覆盖TWRP</desc>
        <set>. ./Inject_Magisk.sh</set>
        <params>
            <param name="Option" options-sh="printf '0|保留源文件\n1|不保留源文件'" />
            <param name="File" type="file" suffix="zip" editable="true" required="true"  title="可输入卡刷包文件绝对路径，也可以使用文件选择器选择文件" desc="温馨提示：可用「MT管理器」长按目录或文件 -->点属性 -->点击目录即可复制目录绝对路径，长按目录或长按名称即可复制文件绝对路径" />
            <param name="a" value="当然你也可以自由去选择Magisk版本注入，而不是默认使用我已上传的Magisk版本" readonly="readonly" />
            <param name="Option2" label="自定义Magisk.zip注入" desc="勾选时下方自定义才生效" type="checkbox" />
            <param name="Magisk_File" type="file" suffix="zip" editable="true" title="可输入Magisk.zip文件绝对路径，也可以使用文件选择器选择文件" desc="温馨提示：可用「MT管理器」长按目录或文件 -->点属性 -->点击目录即可复制目录绝对路径，长按目录或长按名称即可复制文件绝对路径" />
        </params>
    </action>
<!-- END -->
<!-- START -->
    <action interruptible="false">
        <title>一键签名卡刷包里的boot.img（阻止官方的ROM的rec覆盖TWRP）</title>
        <desc>仅一键阻止官方rec覆盖TWRP，并不会Root系统</desc>
        <set>. $ShellScript/MultiFunction.sh Magisk -Sign_ROM_boot</set>
        <params>
            <param name="Option" options-sh="printf '0|保留源文件\n1|不保留源文件'" />
            <param name="File" type="file" suffix="zip" editable="true" required="true" title="可输入卡刷包文件绝对路径，也可以使用文件选择器选择文件" desc="温馨提示：可用「MT管理器」长按目录或文件 -->点属性 -->点击目录即可复制目录绝对路径，长按目录或长按名称即可复制文件绝对路径" />
        </params>
    </action>
<!-- END -->
<!-- START -->
    <action interruptible="false">
        <title>验证/签名Boot镜像</title>
        <set>. ./verify_and_sign_boot.sh</set>
        <params>
            <param name="Option" options-sh="printf 'verify|验证boot是否签名\nsign|签名boot'" />
            <param name="File" type="file" suffix="img" editable="true" required="true" title="可输入boot.img文件绝对路径，也可以使用文件选择器选择文件" desc="温馨提示：可用「MT管理器」长按目录或文件 -->点属性 -->点击目录即可复制目录绝对路径，长按目录或长按名称即可复制文件绝对路径" />
        </params>
    </action>
<!-- END -->
<!-- START -->
    <action interruptible="false">
        <title>防止覆盖TWRP/Recovery</title>
        <summary>阻止官方系统自动恢复官方recovery，刷了Magisk的不需要执行此操作</summary>
        <set>. ./Lock_TWRP.sh</set>
        <params>
            <param name="Scheme" label="选择方案：" options-sh="printf '1|①　注入补丁\n2|②　签名boot'" />
            <param name="boot_IMG" label="请选择boot分区：" multiple="true" options-sh=". ./Block_Device_boot.sh" required="true"/>
        </params>
    </action>
<!-- END -->
<!-- START -->
    <action auto-off="false" interruptible="false">
        <title>刷入镜像到Recovery分区</title>
        <desc>同时可选择附加功能防止覆盖TWRP/recovery</desc>
        <set>. ./Lock_TWRP.sh; . ./Mirror_Partition_Brush_in.sh</set>
        <params>
            <param name="ChongQi2" label="是否刷入成功自动重启至Recovery（恢复模式里）" type="switch" />
            <param name="IMG" title="注：要刷入的镜像大小不能大于显示的大小，否则会刷入不了" options-sh="sh ./Block_Device_Name.sh | grep recovery" required="true" />
            <param name="Brush_in" type="file" suffix="img" editable="true" required="true" title="可输入img文件绝对路径，也可以使用文件选择器选择文件" desc="温馨提示：可用「MT管理器」长按目录或文件 -->点属性 -->点击目录即可复制目录绝对路径，长按目录或长按名称即可复制文件绝对路径" />
            <param name="a" value="下面的附加功能刷了Magisk的不需要执行此操作，或已经做了防止恢复操作的也无需重复执行" readonly="readonly"/>
            <param name="Scheme" label="选择方案：" options-sh="printf '0|①　不做任何操作\n1|②　注入补丁\n2|③　签名boot'" required="true" />
            <param name="boot_IMG" label="请选择boot分区：" title="当上面选择方案②③时才生效" multiple="true" options-sh=". ./Block_Device_boot.sh" />
        </params>
    </action>
<!-- END -->
<!-- START -->
    <action interruptible="false" reload="@Update_Magisk">
        <title>一键转换为Magisk</title>
        <summary>注：默认会强制自动重启，将系统Root转换为Magisk</summary>
        <desc>修复进入Magisk时出现 检测到不属于Magisk的su文件，请删除其他超级用户程序。</desc>
        <set>. ./Install_Magisk.sh -install</set>
        <params>
            <param name="Option" title="附加功能：" options-sh="printf '1|①　禁用AVB2.0的DM校验\n2|②　禁用AVB2.0的启动校验\n3|③　禁用AVB2.0的启动校验/DM校验\nNone|④　不做任何操作'" desc="DM校验就是disable-verity也就是解锁system，启动校验也就是disable-verification（一般就是去除刷机后提示系统文件被破坏，无法开机）" value="3"/>
            <param name="a" value="联发科机型和部分高通设备存在强制校验请保持默认方案③，否则可能会在安装Magisk后导致无限在第一屏重启" readonly="readonly"/>
        </params>
    </action>
<!-- END -->
<!-- START -->
    <action interruptible="false">
        <title>禁用AVB2.0的启动校验/DM校验</title>
        <set>. ./Forbid_AVB.sh</set>
        <params>
            <param name="Option" title="选择功能：" options-sh="printf '1|①　禁用AVB2.0的DM校验\n2|②　禁用AVB2.0的启动校验\n3|③　禁用AVB2.0的启动校验/DM校验\n0|④　恢复默认'" desc="DM校验就是disable-verity也就是解锁system，启动校验也就是disable-verification（一般就是去除刷机后提示系统文件被破坏，无法开机）" required="true" />
        </params>
    </action>
<!-- END -->
<!-- START -->
    <action interruptible="false">
        <title>仅下载Magisk.zip</title>
        <set>. ./Download_Magisk.sh</set>
        <params>
            <param name="File_Dir" title="可输入目录绝对路径，也可以通过文件选择器长按选定目录" type="folder" editable="true" required="true" desc="上面是默认路径，请自行根据需求更改目录，温馨提示：可用「MT管理器」长按目录或文件 -->点属性 -->点击目录即可复制目录绝对路径，长按目录或长按名称即可复制文件绝对路径" value-sh="Dir=$Data_Dir/Download_Magisk.log; if [[ -f $Dir ]]; then cat $Dir; else echo $GJZS; fi " />
        </params>
    </action>
<!-- END -->
<!-- START -->
        <action interruptible="false">
        <title>一键刷机</title>
        <summary>不适用于官方Recovery</summary>
        <set>. ./Automatic_Flashing.sh</set>
        <params>
            <param name="ChongQi" label="是否刷完ROM自动重启系统" desc="因为我不知道格式化data命令，如果你需要格式化data的请不要勾选自动重启，可在刷机完毕后再recovery里格式化data然后重启" type="switch" />
            <param name="Google_Verify" label="自动跳过谷歌开机验证？" desc="仅适用于有谷歌验证的ROM包" type="checkbox" />
            <param name="Wipe" label="高级清除选项" options-sh="cat ./Automatic_Flashing_F1.sh" multiple="true" />
            <param name="Function" label="附加功能" options-sh="cat ./Automatic_Flashing_F2.sh" />
            <param name="zipFile" type="file" suffix="zip" editable="true" required="true" title="可输入ROM卡刷包文件绝对路径，也可以使用文件选择器选择文件" desc="温馨提示：可用「MT管理器」长按目录或文件 -->点属性 -->点击目录即可复制目录绝对路径，长按目录或长按名称即可复制文件绝对路径" />
        </params>
    </action>
<!-- END -->
<!-- START -->
    <action auto-off="false" interruptible="false">
        <title>卸载Magisk还原到官方镜像</title>
        <desc>用于在OTA升级之前恢复官方镜像，防止系统验证过不去无法进行OTA增量更新</desc>
        <set>. $ShellScript/MultiFunction.sh Magisk -uninstall</set>
        <params>
            <param name="boot_IMG" label="请选择boot分区：" title="选择要恢复的boot分区" multiple="true" options-sh=". ./Block_Device_boot.sh" required="true"/>
            <param name="a1" value-sh=". ./Switch_ab_partition.sh -c" desc="如果你想免重启恢复另一个boot分区，可选择另一个分区即可，例如：提示使用_a系统时，选择boot_b就是恢复另一个分区镜像" readonly="readonly" visible=". ./support/Check_is_AB_device.sh"/>
        </params>
    </action>
<!-- END -->
<!-- START -->
    <action interruptible="false" visible=". ./support/Check_is_AB_device.sh">
        <title>安装Magisk到另一个分区</title>
        <desc>可在OTA更新完成后，点击这里把Magisk安装到另一个分区，这样开机后即可拥有Root</desc>
        <set>. $ShellScript/MultiFunction.sh Magisk -ab_root</set>
        <params>
            <param name="ChongQi" label="是否刷入成功自动重启系统生效" type="switch" />
            <param name="KEEPVERITY" label="保持强制加密" type="checkbox" />
            <param name="KEEPFORCEENCRYPT" label="保留 AVB 2.0/dm-verity" type="checkbox" />
            <param name="RECOVERYMODE" label="安装到 Recovery" type="checkbox" />
            <param name="a1" value-sh=". ./Switch_ab_partition.sh -c" readonly="readonly"/>
        </params>
    </action>
<!-- END -->
</group>
