<?xml version="1.0" encoding="utf-8"?>
<group title="格式转换">
<!-- START -->
    <action interruptible="false">
        <title>解包playload.bin</title>
        <desc>如果你下载的卡刷包里有playload.bin可在此一键解包，得到里面的boot.img、system.img……等镜像文件</desc>
        <set>. ./Termux/Termux_open_payload.sh</set>
        <params>
            <param name="Option" options-sh="printf 'd|①　自定义镜像提取\n0|②　提取全部镜像\nlist|③　仅查看有哪些镜像'" value-sh="grep_prop Option $Data_Dir/Termux_open_payload.log" />
            <param name="Customize_img" title="当上面选择自定义镜像提取才生效" placeholder="事例：boot" value-sh="grep_prop Customize_img $Data_Dir/Termux_open_payload.log" />
            <param name="File" type="file" suffix="bin" editable="true" title="可输入playload.bin文件绝对路径，也可以使用文件选择器选择文件" required="true"/>
        </params>
    </action>
<!-- END -->
<!-- START -->
    <action interruptible="false">
        <title>解压.br格式文件</title>
        <desc>如果你下载的卡刷包里有.br文件可在此转换为.dat格式，例如xxx.new.dat.br可转成xxx.new.dat，当然别的.br文件也是可以解压的</desc>
        <set>. ./Termux/br_Convert_dat.sh</set>
        <params>
            <param name="Remove" label="删除.br源文件" type="checkbox" />
            <param name="br" type="file" suffix="br" editable="true" title="可输入.br文件绝对路径，也可以使用文件选择器选择文件" required="true"/>
        </params>
    </action>
<!-- END -->
<!-- START -->
    <action interruptible="false">
        <title>转换文件成.br格式</title>
        <desc>例如xxx.new.dat可转成xxx.new.dat.br，当然别的文件也可压缩成.br格式</desc>
        <set>. ./Termux/Convert_br.sh</set>
        <params>
            <param name="Remove" label="删除源文件" type="checkbox" />
            <param name="q" label="选择压缩等级" options-sh="seq 0 +1 11" desc="默认6，等级越低压缩速度越快文件越大，等级越高压缩速度越慢文件越小" value="6" />
            <param name="File" type="file" editable="true" title="可输入文件绝对路径，也可以使用文件选择器选择文件" required="true"/>
        </params>
    </action>
<!-- END -->
<!-- START -->
    <action interruptible="false">
        <title>.dat和.list文件合并成.img文件</title>
        <desc>如果你下载的卡刷包里有.dat和.list文件可在此转换为.img格式，例如可将xxx.transfer.list和xxx.new.dat合并成xxx.img文件，至于img文件暂时未找到simg2img命令，可通过应用/Xposed仓库里的ZArchiver Pro应用打开</desc>
        <set>. ./Termux/dat_Convert_img.sh</set>
        <params>
            <param name="Remove" label="删除.list和.dat源文件" type="checkbox" />
            <param name="list" type="file" suffix="list" editable="true" title="可输入.list文件绝对路径，也可以使用文件选择器选择文件" required="true"/>
            <param name="dat" type="file" suffix="dat" editable="true" title="可输入.dat文件绝对路径，也可以使用文件选择器选择文件" required="true"/>
        </params>
    </action>
<!-- END -->
</group>

<group title="DNA">
<!-- START -->
    <page link="https://gitee.com/sharpeter/DNA/blob/master/README.md">
        <title>了解DNA</title>
        <desc>全称：安卓一般固件解包打包助手【 Droid Normal Assistant 】 简称： D.N.A</desc>
    </page>
<!-- END -->
<!-- START -->
    <action confirm="true">
        <title>安装DNA</title>
        <set>. ./Termux/DNA.sh</set>
    </action>
<!-- END -->
<!-- START -->
    <action confirm="true">
        <title>运行DNA</title>
        <desc>也可以打开Termux执行ubuntu启动DNA</desc>
        <set>. ./Termux/DNA.sh -run</set>
    </action>
<!-- END -->
</group>

<group title="其它">
<!-- START -->
    <action interruptible="false">
        <title>更换Termux为清华源</title>
        <set>. ./Termux/Termux_QingHuaYuan.sh</set>
        <params>
            <param name="Option" options-sh="printf '1|更换为清华源\n0|恢复默认（推荐）\nclear|清除Termux全部数据来恢复了默认（不推荐）'" />
        </params>
    </action>
<!-- END -->
<!-- START -->
    <action confirm="true">
        <title>安装binwalk命令</title>
        <set>. ./Termux/install_binwalk.sh</set>
    </action>
<!-- END -->
<!-- START -->
    <action interruptible="false" confirm="true">
        <title>更新可用软件包列表和已安装的软件包</title>
        <set>. ./Termux/update.sh</set>
    </action>
<!-- END -->
<!-- START -->
    <action interruptible="false">
        <title>为Termux添加多行快捷键</title>
        <set>. ./Termux/Termux_Shortcut_key.sh</set>
        <params>
            <param name="Option" options-sh="printf '1|修改\n0|恢复默认'" />
            <param name="Row" options-sh="printf '2|2行\n3|3行'" />
        </params>
    </action>
<!-- END -->
<!-- START -->
    <action interruptible="false" confirm="true">
        <title>为Termux授权读写手机储存权限</title>
        <desc>用于在Termux内直接访问内存储存数据</desc>
        <set>. ./Termux/Termux_storage.sh</set>
    </action>
<!-- END -->
<!-- START -->
    <action interruptible="false">
        <title>汉化/清空Termux顶部欢迎语</title>
        <set>. ./Termux/Termux_motd.sh $Option</set>
        <params>
            <param name="Option" options-sh="printf '1|汉化\n2|清空\n0|恢复默认'" />
        </params>
    </action>
<!-- END -->
</group>
<group>
    <text>
        <slices>
            <slice size="14" color="#FF9900">由于各系统内置的命令不全，特此引用Termux来实现，MIUI用户请把Termux的后台弹出界面权限打开，否则第一次调用Termux无法弹出日志页面</slice>
            <slice break="true"></slice>
            <slice break="true"></slice>
            <slice size="14" color="#FF9900">如果你也是热爱Termux用户，想投稿更加有趣的功能，可私信我QQ：243454893</slice>
        </slices>
    </text>
</group>
