<?xml version="1.0" encoding="utf-8"?>
<group title="ADB重启">
<!-- START -->
    <action shell="hidden" confirm="true" auto-off="true" auto-finish="true" >
        <title>重启</title>
        <set>adb reboot</set>
    </action>
<!-- END -->
<!-- START -->
    <action shell="hidden" confirm="true" auto-off="true" auto-finish="true" >
        <title>重启SystemUI</title>
        <set>adbsu -c pkill -f com.android.systemui</set>
    </action>
<!-- END -->
<!-- START -->
    <action shell="hidden" confirm="true" auto-off="true" auto-finish="true" >
        <title>重启至安全模式</title>
        <desc>禁用所有Magisk模块与所有第三方应用</desc>
        <set>adbsu -c setprop persist.sys.safemode 1 &#38;&#38; adb reboot</set>
    </action>
<!-- END -->
<!-- START -->
    <action shell="hidden" confirm="true" auto-off="true" auto-finish="true" >
        <title>重启至Recovery</title>
        <set>adb reboot recovery</set>
    </action>
<!-- END -->
<!-- START -->
    <action shell="hidden" confirm="true" auto-off="true" auto-finish="true" >
        <title>重启至FastBoot</title>
        <set>adb reboot bootloader</set>
    </action>
<!-- END -->
<!-- START -->
    <action shell="hidden" confirm="true" auto-off="true" auto-finish="true" >
        <title>重启至9008/EDL</title>
        <desc>如果长按电源键无法退出9008，可以尝试按住电源音量加音量减一起长按</desc>
        <set>adb reboot edl</set>
    </action>
<!-- END -->
<!-- START -->
    <action shell="hidden" confirm="true" auto-off="true" auto-finish="true" >
        <title>重启至Sideload</title>
        <set>adb reboot sideload</set>
    </action>
<!-- END -->
<!-- START -->
    <action shell="hidden" confirm="true" auto-off="true" auto-finish="true" >
        <title>重启至下载模式</title>
        <desc>理论上只有三星设备可用</desc>
        <set>adb reboot download</set>
    </action>
<!-- END -->
<!-- START -->
    <action shell="hidden" confirm="true" auto-off="true" auto-finish="true" >
        <title>关机</title>
        <set>adb2 -c reboot -p </set>
    </action>
<!-- END -->
</group>

<group title="Fastboot重启 请优先使用物理方式进入">
<!-- START -->
    <action shell="hidden" confirm="true" auto-off="true" auto-finish="true" >
        <title>重启</title>
        <set>fastboot reboot</set>
    </action>
<!-- END -->
<!-- START -->
    <action shell="hidden" confirm="true" auto-off="true" auto-finish="true" >
        <title>重启至Recovery</title>
        <set>fastboot flash misc $PeiZhi_File/misc.bin &#38;/dev/null; fastboot reboot</set>
    </action>
<!-- END -->
<!-- START -->
    <action shell="hidden" confirm="true" auto-off="true" auto-finish="true" >
        <title>重启至Recovery</title>
        <desc>如果上面失败的话可以试试这个</desc>
        <set>fastboot oem reboot-recovery</set>
    </action>
<!-- END -->
<!-- START -->
    <action shell="hidden" confirm="true" auto-off="true" auto-finish="true" >
        <title>重启至FastBoot</title>
        <set>fastboot reboot-bootloader</set>
    </action>
<!-- END -->
<!-- START -->
    <action shell="hidden" confirm="true" auto-off="true" auto-finish="true" >
        <title>重启至9008/EDL</title>
        <desc>如果长按电源键无法退出9008，可以尝试按住电源音量加音量减一起长按</desc>
        <set>fastboot oem edl</set>
    </action>
<!-- END -->
<!-- START -->
    <action shell="hidden" confirm="true" auto-off="true" auto-finish="true" >
        <title>重启到HTC RUU刷机模式</title>
        <set>fastboot oem rebootRUU</set>
    </action>
<!-- END -->
</group>