<?xml version="1.0" encoding="utf-8"?>
<group title="安装应用">
<!-- START -->
    <action interruptible="false">
        <title>安装单个应用</title>
        <summary>支持apk/apks/xapk/apex文件，请确定开发者选项里的USB安装是否打开，如果初次安装那个应用，需要在弹出安装提示界面时选择继续安装才可以</summary>
        <set>. ./ADB/install_apk.sh</set>
        <params>
            <param name="Delete_APK" label="是否安装成功后自动删除安装包" type="switch" />
            <param name="File" type="file" editable="true" required="true" title="可输入文件绝对路径，也可以使用文件选择器选择文件" desc="温馨提示：可用「MT管理器」长按目录或文件 -->点属性 -->点击目录即可复制目录绝对路径，长按目录或长按名称即可复制文件绝对路径" />
        </params>
    </action>
<!-- END -->
<!-- START -->
    <action interruptible="true">
        <title>批量静默安装某目录里的所有安装包</title>
        <desc>该功能会循环遍历指定目录里的所有APK，进行静默安装。</desc>
        <summary>支持apk/apks/xapk/apex文件，请确定开发者选项里的USB安装是否打开，如果初次安装那个应用，需要在弹出安装提示界面时选择继续安装才可以</summary>
        <set>. ./ADB/Batch_installation.sh</set>
        <params>
            <param name="Search_Dir" label="搜索子目录下的模块？" type="checkbox" />
            <param name="Delete_APK" label="是否安装成功后自动删除安装包" type="switch" />
            <param name="log" label="同时打印安装日志到内部储存" type="switch" />
            <param name="File_Dir" title="可输入目录绝对路径，也可以通过文件选择器长按选定目录" type="folder" editable="true" required="true" desc="上面是默认路径，请自行根据需求更改目录，温馨提示：可用「MT管理器」长按目录或文件 -->点属性 -->点击目录即可复制目录绝对路径，长按目录或长按名称即可复制文件绝对路径" value-sh="Dir=$Data_Dir/Batch_installation.log; if [[ -f $Dir ]]; then cat $Dir; else echo $lu; fi " />
        </params>
    </action>
<!-- END -->
<!-- START -->
    <action auto-off="true">
        <title>伪装应用安装来源安装</title>
        <summary>支持apk/apks/xapk/apex文件，请确定开发者选项里的USB安装是否打开，如果初次安装那个应用，需要在弹出安装提示界面时选择继续安装才可以</summary>
        <set>. ./ADB/install_apk.sh -s</set>
        <params>
            <param name="installer" title="请输入你要伪装的应用安装者包名" required="true" />
            <param name="File" type="file" editable="true" required="true" title="可输入文件绝对路径，也可以使用文件选择器选择文件" desc="温馨提示：可用「MT管理器」长按目录或文件 -->点属性 -->点击目录即可复制目录绝对路径，长按目录或长按名称即可复制文件绝对路径" />
        </params>
    </action>
<!-- END -->
</group>
<group title="包名匹配应用名">
<!-- START -->
    <action interruptible="false">
        <title>联网匹配包名对应的应用名称</title>
        <desc>扫描对方手机上已安装的第三方软件，并联网匹配包名对应的名称，方便查看。注：匹配一次永久生效，无需重复匹配，除非新安装了三方应用，方可再次匹配</desc>
        <set>. ./ADB/Get_Apk_Name2.sh</set>
        <params>
            <param name="Number_of_threads" label="设置多线程数值" desc="可根据自己手机CPU性能自由设置，注：只有使用字典才支持多线程翻译" type="text" value="100" type="int" required="true"/>
        </params>
    </action>
<!-- END -->
</group>
<group title="查看冻结/冻结/恢复应用">
<!-- START -->
    <action interruptible="false">
        <title>冻结系统应用</title>
        <desc>把软件放入小黑屋，禁止运行</desc>
        <set>for i in $package; do adb2 -c pm disable-user $i; done</set>
            <param name="package" type="packages" multiple="true" options-sh="adb2 -s ./Get_Package_Name-s.sh" />
    </action>
<!-- END -->
<!-- START -->
    <action interruptible="false">
        <title>冻结第三方应用</title>
        <desc>把软件放入小黑屋，禁止运行</desc>
        <set>for i in $package; do adb2 -c pm disable-user $i; done</set>
            <param name="package" type="packages" multiple="true" options-sh=". ./ADB/Get_Package_Name-3.sh" />
    </action>
<!-- END -->
<!-- START -->
    <action interruptible="false">
        <title>查看并恢复已冻结的应用①</title>
        <desc>默认勾选全部</desc>
        <set>for i in $package; do adb2 -c pm enable $i; done</set>
            <param name="package" type="packages" multiple="true" options-sh=". ./ADB/Get_Package_Name-d.sh" value-sh="adb2 -s ./Get_Package_Name-d.sh" />
    </action>
<!-- END -->
<!-- START -->
    <action interruptible="false">
        <title>查看并恢复已冻结的应用②</title>
        <desc>默认不勾选</desc>
        <set>for i in $package; do adb2 -c pm enable $i; done</set>
            <param name="package" type="packages" multiple="true" options-sh=". ./ADB/Get_Package_Name-d.sh" />
    </action>
<!-- END -->
<!-- START -->
    <action auto-off="true">
        <title>自定义包名冻结、启用应用程序</title>
        <desc>用来冻结、启用（恢复）APK</desc>
        <set>if [[ -n $Freeze ]]; then for i in $Freeze; do adb2 -c pm disable-user $i; done; fi; if [[ -n $Enable ]]; then for o in $Enable; do adb2 -c pm enable $o; done; fi</set>
        <params>
            <param name="Freeze" title="请输入你要冻结的应用包名，多个包名请用输入法的回车键换行即可" />
            <param name="Enable" title="请输入你要启用（恢复）的应用包名，多个包名请用输入法的回车键换行即可" />
        </params>
    </action>
<!-- END -->
</group>

<group title="卸载/恢复应用">
<!-- START -->
    <action interruptible="false">
        <title>自选方式卸载第三方应用①</title>
        <desc>用来卸载APK、无法恢复，请自行承担风险！</desc>
        <set>for i in $package; do adb2 -c pm uninstall --user 0 $i; done</set>
            <param name="package" type="packages" multiple="true" options-sh=". ./ADB/Get_Package_Name-3.sh" />
    </action>
<!-- END -->
<!-- START -->
    <action interruptible="false">
        <title>自选方式卸载第三方应用②（保留用户数据卸载）</title>
        <desc>用来卸载APK、无法恢复，请自行承担风险！</desc>
        <set>for i in $package; do adb2 -c pm uninstall -k --user 0 $i; done</set>
            <param name="package" type="packages" multiple="true" options-sh=". ./ADB/Get_Package_Name-3.sh" />
    </action>
<!-- END -->
<!-- START -->
    <action interruptible="false">
        <title>自选方式卸载系统应用①</title>
        <desc>用来卸载APK、无法恢复，请自行承担风险！</desc>
        <set>for i in $package; do adb2 -c pm uninstall --user 0 $i; done</set>
            <param name="package" type="packages" multiple="true" options-sh="adb2 -s ./Get_Package_Name-s.sh" />
    </action>
<!-- END -->
<!-- START -->
    <action interruptible="false">
        <title>自选方式卸载系统应用②（保留用户数据卸载）</title>
        <desc>用来卸载APK、无法恢复，请自行承担风险！</desc>
        <set>for i in $package; do adb2 -c pm uninstall -k --user 0 $i; done</set>
            <param name="package" type="packages" multiple="true" options-sh="adb2 -s ./Get_Package_Name-s.sh" />
    </action>
<!-- END -->
<!-- START -->
    <action auto-off="true">
        <title>自定义指定包名卸载任意应用程序（包括预装APK）</title>
        <desc>用来卸载APK、无法恢复，请自行承担风险！</desc>
        <set>for i in $uninstall_apk; do if [[ $k = 1 ]]; then adb2 -c pm uninstall -k --user 0 $i; else adb2 -c pm uninstall --user 0 $i; fi; done</set>
        <params>
            <param name="k" label="保留用户数据卸载" type="checkbox" />
            <param name="uninstall_apk" title="请输入你要卸载的应用包名，无法恢复，请自行承担风险！多个包名请用输入法的回车键换行即可" required="true" />
        </params>
    </action>
<!-- END -->
<!-- START -->
    <action confirm="true">
        <title>卸载系统软件更新</title>
        <desc>删除对所有系统应用程序的更新，并回退到系统自带的版本（不包括data软件）</desc>
        <set>adb2 -c pm uninstall-system-updates</set>
    </action>
<!-- END -->
<!-- START -->
    <action interruptible="false">
        <title>自选方式恢复已卸载过系统应用apk①</title>
        <desc>查看已卸载的系统应用包名(没有卸载过则显示为空列表)，默认勾选全部，点执行即可恢复</desc>
        <set>. ./ADB/Uninstalled_apk_Recover.sh</set>
            <param name="package" type="packages" multiple="true" options-sh=". ./ADB/Uninstalled_apk_Get.sh" value-sh="cat $Data_Dir/Uninstalled_apk.log" />
    </action>
<!-- END -->
<!-- START -->
    <action interruptible="false">
        <title>自选方式恢复已卸载过系统应用apk②</title>
        <desc>查看已卸载的系统应用包名(没有卸载过则显示为空列表)，默认不勾选，自选勾选后点执行即可恢复</desc>
        <set>. ./ADB/Uninstalled_apk_Recover.sh</set>
            <param name="package" type="packages" multiple="true" options-sh=". ./ADB/Uninstalled_apk_Get.sh" />
    </action>
<!-- END -->
<!-- START -->
    <action>
        <title>自定义恢复已卸载的系统应用</title>
        <summary>用于恢复不小心卸载的系统应用</summary>
        <set>for i in ${apk}; do adb2 -c adb2 -c pm install-existing --user 0 ${i}; done</set>
        <params>
            <param name="apk" title="请输入应用包名，多个包名请用输入法的回车键换行即可" required="true"></param>
        </params>
    </action>
<!-- END -->
</group>

<group title="隐藏/恢复应用">
<!-- START -->
    <action interruptible="false">
        <title>隐藏系统应用</title>
        <desc>把软件隐藏起来，隐藏后不再出现图标</desc>
        <set>. ./ADB/Hide_app2.sh</set>
            <param name="package" type="packages" multiple="true" options-sh="adb2 -s ./Get_Package_Name-s.sh" />
    </action>
<!-- END -->
<!-- START -->
    <action interruptible="false">
        <title>隐藏第三方应用</title>
        <desc>把软件隐藏起来，隐藏后不再出现图标</desc>
        <set>. ./ADB/Hide_app2.sh</set>
            <param name="package" type="packages" multiple="true" options-sh=". ./ADB/Get_Package_Name-3.sh" />
    </action>
<!-- END -->
<!-- START -->
    <action interruptible="false">
        <title>自选方式恢复已隐藏过的应用apk①</title>
        <desc>查看已隐藏的应用包名(没有隐藏过则显示为空列表)，默认勾选全部，点执行即可恢复</desc>
        <set>. ./ADB/Hidden_app_Records_Recover.sh</set>
            <param name="package" type="packages" multiple="true" options-sh="cat $Data_Dir/ADB_Hidden_app_Records.log" value-sh="cat $Data_Dir/ADB_Hidden_app_Records.log" />
    </action>
<!-- END -->
<!-- START -->
    <action interruptible="false">
        <title>自选方式恢复已隐藏过的应用apk②</title>
        <desc>查看已隐藏的应用包名(没有隐藏过则显示为空列表)，默认不勾选，点执行即可恢复</desc>
        <set>. ./ADB/Hidden_app_Records_Recover.sh</set>
            <param name="package" type="packages" multiple="true" options-sh="cat $Data_Dir/ADB_Hidden_app_Records.log" />
    </action>
<!-- END -->
<!-- START -->
    <action auto-off="true">
        <title>自定义隐藏、恢复应用程序</title>
        <desc>用来隐藏、（恢复）你的小秘密APK</desc>
        <set>. ./ADB/Hide_app.sh</set>
        <params>
            <param name="hide" title="请输入你要隐藏的应用包名，多个包名请用输入法的回车键换行即可" />
            <param name="unhide" title="请输入你要恢复的应用包名，多个包名请用输入法的回车键换行即可" />
        </params>
    </action>
<!-- END -->
</group>
<group title="管理应用程序（APK）">
<!-- START -->
    <action auto-off="true">
        <title>自定义包名强制结束应用程序</title>
        <desc>目前只支持包名启动，输入应用名称也可以执行以后再说吧！</desc>
        <set>echo "您输入了$kill1包名"; echo ; echo 结果如下; am force-stop $kill1</set>
        <params>
            <param name="kill1" title="请输入你要强制结束的应用包名，目前不支持支持直接输入应用名字杀死该应用程序" />
        </params>
    </action>
<!-- END -->
<!-- START -->
    <action auto-off="true">
        <title>自定义包名删除与包相关的所有数据：清除全部数据和缓存</title>
        <desc>只支持包名：删除与包名相关的所有数据：清除全部数据与缓存</desc>
        <set>echo "您输入了$clear1包名"; echo ; echo 结果如下; adb2 -c pm clear $clear1</set>
        <params>
            <param name="clear1" title="请输入你要清理清除全部数据与缓存的应用包名，" />
        </params>
    </action>
<!-- END -->
<!-- START -->
    <action auto-off="true">
        <title>自定义包名启动应用程序</title>
        <desc>目前只支持包名启动，输入应用名称也可以执行以后再说吧！</desc>
        <set>echo "您输入了$Enable_APK包名"; echo ; echo 结果如下; adb2 -c monkey -p $Enable_APK -c android.intent.category.LAUNCHER 1</set>
        <params>
            <param name="Enable_APK" title="请输入你要启动的应用包名，目前不支持支持直接输入应用名字启动" />
        </params>
    </action>
<!-- END -->
</group>
<group title="查看应用程序（APK）相关信息">
<!-- START -->
    <action confirm="true">
        <title>列出手机上被：禁用（冻结）的包名</title>
        <desc>不包括被隐藏的应用，结果格式［package：包名］</desc>
        <set>adb2 -c pm list packages -d</set>
    </action>
<!-- END -->
<!-- START -->
    <action confirm="true">
        <title>列出手机上当前可用的应用包名</title>
        <desc>列出所有可用应用，结果格式［package：包名］</desc>
        <set>adb2 -c pm list packages -e</set>
    </action>
<!-- END -->
<!-- START -->
    <action confirm="true">
        <title>当前单个应用程序的最大内存限制</title>
        <set>adb2 -c getprop|adb2 -c grep heapgrowthlimit</set>
    </action>
<!-- END -->
<!-- START -->
    <action confirm="true">
        <title>查看手机上所有包名</title>
        <desc>查看结果格式［package：包名］</desc>
        <set>adb2 -c pm list packages</set>
    </action>
<!-- END -->
<!-- START -->
    <action confirm="true">
        <title>查看手机上第三方应用包名</title>
        <desc>查看结果格式［package：包名］</desc>
        <set>adb2 -c pm list packages -3</set>
    </action>
<!-- END -->
<!-- START -->
    <action confirm="true">
        <title>查看手机上系统应用包名</title>
        <desc>结果格式［package：包名］</desc>
        <set>adb2 -c pm list packages -s</set>
    </action>
<!-- END -->
<!-- START -->
    <action confirm="true">
        <title>查看手机上所有包名（包含路径）</title>
        <desc>结果格式［package：安装路径=包名］</desc>
        <set>adb2 -c pm list packages -f</set>
    </action>
<!-- END -->
<!-- START -->
    <action confirm="true">
        <title>查看手机上第三方应用包名（包含路径）</title>
        <desc>结果格式［package：安装路径=包名］</desc>
        <set>adb2 -c pm list packages -3 -f</set>
    </action>
<!-- END -->
<!-- START -->
    <action confirm="true">
        <title>查看手机上系统应用包名（包含路径）</title>
        <desc>结果格式［package：安装路径=包名］</desc>
        <set>adb2 -c pm list packages -s -f</set>
    </action>
<!-- END -->
</group>
<group title="自定义使用关键字符串过滤来查看">
<!-- START -->
    <action>
        <title>自定义使用过滤来查看相关包名</title>
        <desc>输入关键字符串就可以过滤查看，结果格式为［package：安装路径］</desc>
        <set>echo "您输入了$SSS（关键字符串）"; echo ; echo 结果如下; adb2 -c pm list packages $SSS</set>
        <params>
            <param name="SSS" title="请输入包名关键字符来查看，例如输入：［qq］查找手机上所有qq相关的包名" readonly="false" />
        </params>
    </action>
<!-- END -->
</group>
<group title="自定义查看应用程序（APK）相关信息">
<!-- START -->
    <action>
        <title>自定义指定包名查看应用包安装路径</title>
        <desc>只支持输入包名查看，结果格式为［package：安装路径］</desc>
        <set>echo "您输入了$View_APK包名"; echo ; echo 结果如下; adb2 -c pm path "$View_APK"</set>
        <params>
            <param name="View_APK" title="请输入包名来查看安装路径" />
        </params>
    </action>
<!-- END -->
<!-- START -->
    <action>
        <title>自定义指定包名查看应用包安装路径（含当前输入包名）</title>
        <desc>只支持输入包名查看，结果格式为［package：安装路径=已输入的包名］</desc>
        <set>echo "您输入了$View_APK2包名"; echo ; echo 结果如下; adb2 -c pm list packages -f "$View_APK2"</set>
        <params>
            <param name="View_APK2" title="请输入包名来查看安装路径" />
        </params>
    </action>
<!-- END -->
<!-- START -->
    <action>
        <title>自定义指定包名查看［查看包名安装应用信息］</title>
        <desc>只支持输入包名查看</desc>
        <set>echo "您输入了$View_APK3包名"; echo ; echo 结果如下; dumpsys package "$View_APK3"</set>
        <params>
            <param name="View_APK3" title="请输入包名来包名安装应用信息" />
        </params>
    </action>
<!-- END -->
<!-- START -->
    <action>
        <title>自定义指定包名查看应用包全部详细信息</title>
        <desc>只支持输入包名查看</desc>
        <set>echo "您输入了$View_APK4包名"; echo ; echo 结果如下; adb2 -c pm dump "$View_APK4"</set>
        <params>
            <param name="View_APK4" title="请输入包名来查看安装包所有详细信息" />
        </params>
    </action>
<!-- END -->
<!-- START -->
    <action>
        <title>自定义指定包名查看该应用的电量消耗情况</title>
        <desc>只支持输入包名查看</desc>
        <set>echo "您输入了$View_APK5包名"; echo ; echo 结果如下; dumpsys batterystats $View_APK5</set>
        <params>
            <param name="View_APK5" title="请输入包名来查看该应用的电量消耗情况" />
        </params>
    </action>
<!-- END -->
</group>