<?xml version="1.0" encoding="utf-8"?>
<group title="功能区">
<!-- START -->
    <action>
        <title>一键激活指令</title>
        <set>. ./ADB/Activation_Option_Set.sh</set>
        <params>
            <param name="APK" title="请选择应用 &amp; 功能：" options-sh=". ./ADB/Activation_Option.sh" />
        </params>
    </action>
<!-- END -->
<!-- START -->
    <action interruptible="true">
        <title>推送文件</title>
        <desc>用于推送文件到对方设备</desc>
        <set>. ./ADB/Read_Push_files.sh -push</set>
        <params>
            <param name="Dir" title="可输入目录绝对路径，也可以通过文件选择器长按选定目录" type="folder" editable="true" />
            <param name="File" type="file" editable="true" title="当上面为空时可选取文件绝对路径，也可以使用文件选择器选择文件推送" />
            <param name="Target" title="要推送到的对方设备目录" desc="默认路径内部储存根目录" required="true" value="/sdcard" />
        </params>
    </action>
<!-- END -->
<!-- START -->
    <action interruptible="true">
        <title>从对方设备复制文件/目录</title>
        <desc>读取对方设备文件并复制到本地</desc>
        <set>. ./ADB/Read_Push_files.sh -pull</set>
        <params>
            <param name="Target" title="请输入要从对方设备读取的文件或者目录" desc="默认路径内部储存根目录" required="true" value="/sdcard" />
            <param name="Dir" title="要复制到的本地目录，可输入目录绝对路径，也可以通过文件选择器长按选定目录" type="folder" required="true" editable="true" value-sh="echo $GJZS"/>
        </params>
    </action>
<!-- END -->
<!-- START -->
    <action>
        <title>清除锁屏密码</title>
        <desc>需要对方设备有ROOT并给与Shell超级权限，重启生效</desc>
        <set>. ./ADB/Delete_lock_screen_password-s.sh</set>
    </action>
<!-- END -->
    <pages>
<!-- START -->
        <page config-sh="cat $Pages/ADB/APK.xml">
        <title>ADB应用程序管理大全</title>
    </page>
<!-- END -->
<!-- START -->
        <page config-sh="cat $Pages/ADB/WanJi.xml">
        <title>ADB玩机专区</title>
    </page>
<!-- END -->
    </pages>
</group>

<group title="按键模拟">
<!-- START -->
    <text>
        <slices>
            <slice run="adb2 -c input keyevent 82" size="15" color="#FF0366D6" u="1">菜单键</slice>
            <slice>　　　</slice>
            <slice run="adb2 -c input keyevent 3" size="15" color="#FF0366D6" u="1">HOME键</slice>
            <slice>　　　</slice>
            <slice run="adb2 -c input keyevent 4" size="15" color="#FF0366D6" u="1">返回键</slice>
            <slice break="true"></slice>
            <slice break="true"></slice>
            <slice break="true"></slice>
            <slice run="adb2 -c input keyevent 26" size="15" color="#FF0366D6" u="1">电源键</slice>
            <slice>　　　</slice>
            <slice run="adb2 -c input keyevent 24;adb2 -c input keyevent 24" size="15" color="#FF0366D6" u="1">音量+键</slice>
            <slice>　　　</slice>
            <slice run="adb2 -c input keyevent 25;adb2 -c input keyevent 25" size="15" color="#FF0366D6" u="1">音量-键</slice>
            <slice break="true"></slice>
            <slice break="true"></slice>
            <slice break="true"></slice>
            <slice run="adb2 -c input keyevent KEYCODE_MEDIA_PREVIOUS" size="15" color="#FF0366D6" u="1">上一曲</slice>
            <slice>　　　</slice>
            <slice run="adb2 -c input keyevent KEYCODE_MEDIA_PLAY_PAUSE" size="15" color="#FF0366D6" u="1">播放/暂停</slice>
            <slice>　　　</slice>
            <slice run="adb2 -c input keyevent KEYCODE_MEDIA_NEXT" size="15" color="#FF0366D6" u="1">下一曲</slice>
        </slices>
    </text>
<!-- END -->
</group>

<group title="其它">
<!-- START -->
    <action>
        <title>停止给设备供电</title>
        <desc>防止本设备耗电如流水</desc>
        <set>. ./ADB/Charging_Stop.sh</set>
    </action>
<!-- END -->
<!-- START -->
    <action>
        <title>恢复给设备供电</title>
        <desc>好吧，你电量多</desc>
        <set>. ./ADB/Charging_Restore.sh</set>
    </action>
<!-- END -->
</group>