<?xml version="1.0" encoding="utf-8"?>
<group title="系统相关查看">
<!-- START -->
    <action interruptible="false">
        <title>查看储存空间占用情况</title>
        <set>. ./Storage_Space.sh</set>
        <params>
            <param name="All" label="查看全部" type="checkbox" />
            <param label="格式单位" name="Unit" >
                <option value="h">①　以1KB=1024B格式查看</option>
                <option value="H">②　以1KB=1000B格式查看</option>
                <option value="">③　以B格式单位查看</option>
            </param>
        </params>
    </action>
<!-- END -->
<!-- START -->
    <action>
        <title>查看已保存的WiFi密码</title>
        <set>adbsu -s ./wifi.sh</set>
    </action>
<!-- END -->
<!-- START -->
    <action>
        <title>查看电池信息</title>
        <desc>- 通过简单的命令，查看当前电池信息</desc>
        <set>adb2 -s ./Battery_information.sh</set>
    </action>
<!-- END -->
<!-- START -->
    <action confirm="true">
        <title>监控崩溃与ANR（可查看打开过哪些应用包名）</title>
        <set>adb2 -c am monitor</set>
    </action>
<!-- END -->
</group>
<group title="系统相关调试">
<!-- START -->
    <action interruptible="false">
        <title>自定义修改字体大小</title>
        <desc>部分应用可能不不会生效例如QQ用的自己的代码，不是引用的系统的</desc>
        <set>adb2 -c settings put system font_scale $size</set>
        <params>
            <param name="size" required="true" type="number" desc="推荐值08 ~ 1.5之间，否则后果自负"/>
            <param name="a1" readonly="readonly" value-sh="echo 当前值：`adb2 -c settings get system font_scale`" />
        </params>
    </action>
<!-- END -->
<!-- START -->
    <action interruptible="false">
        <title>隐藏导航键和隐藏状态栏</title>
        <set>adb2 -s ./Immersion_style.sh</set>
        <params>
            <param name="Immersion_style" title="选择样式" desc="注：隐藏虚拟按键后，底部往上滑或者点击屏幕可以重新呼出来虚拟按键" options-sh="cat ./Immersion_style_Option.sh" />
            <param name="package" title="要指定的系统应用" type="app" multiple="true" separator="," options-sh="adb2 -s ./Get_Package_Name-s.sh" />
            <param name="package3" title="要指定的三方应用" type="app" multiple="true" separator="," options-sh="adb2 -s ./Get_Package_Name-3.sh" />
        </params>
    </action>
<!-- END -->
<!-- START -->
    <action>
        <title>屏幕上下左右边距微调</title>
        <desc>只允许输入数字，［-］为反方向微调</desc>
        <set>adb2 -c wm overscan $Left,$Up,$Right,$Down</set>
        <params>
            <param name="Up" title="请输入你要微调的，［上面］高度，［-］代表相反调整，默认值0为恢复，必须输入数字" value="0" required="true" />
            <param name="Down" title="请输入你要微调的，［下面］高度，［-］代表相反调整，默认值0为恢复，必须输入数字" value="0" required="true" />
            <param name="Left" title="请输入你要微调的，［左边］高度，［-］代表相反调整，默认值0为恢复，必须输入数字" value="0" required="true" />
            <param name="Right" title="请输入你要微调的，［右边］高度，［-］代表相反调整，默认值0为恢复，必须输入数字" value="0" required="true" />
        </params>
    </action>
<!-- END -->
<!-- START -->
    <action auto-off="true">
        <title>电量伪装</title>
        <set>. ./ADB/Electricity_camouflage.sh</set>
        <params>
            <param name="Percentage0" label="勾选这里为恢复默认" desc="当勾选时下方修改会无效" type="checkbox" />
            <param name="Percentage1" title="防止你很皮，限制输入3-100范围的值，不然输入0立马关机，输入过大又会导致无电池图标。注意：留空为恢复默认状态" type="int" max="100" min="3" required="0" maxlength="3" />
            <param name="Percentage2" title="你也可以选择滑动方案调整" desc="只有当上方输入框没有填写数值时，滑动修改才会生效！" max="100" min="3" type="seekbar" />
        </params>
    </action>
<!-- END -->
<!-- START -->
    <action auto-off="true">
        <title>自定义dpi（屏幕密度）</title>
        <set>. ./ADB/dpi.sh</set>
        <params>
            <param name="dpi" title="请输入你要修改的dpi值，留空为恢复默认，为了保险默认限制为3位数字，设置过低可能会导致部分软件闪退哦﻿⊙∀⊙！" type="int" min="220" max="700" maxlength="3"/>
        </params>
    </action>
<!-- END -->
<!-- START -->
    <action auto-off="true">
        <title>自定义修改屏幕分辨率</title>
        <set>. ./ADB/Screen_Size.sh</set>
        <params>
            <param name="Screen_Size0" label="勾选这里为恢复默认" desc="当勾选时下方修改会无效" type="checkbox" />
            <param name="Screen_Size_X" title="输入屏幕横向数值" placeholder="例如：1080" type="int" />
            <param name="Screen_Size_Y" title="输入屏幕竖向数值" placeholder="例如：2400" type="int" />
        </params>
    </action>
<!-- END -->
<!-- START -->
    <action>
        <title>自定义过渡动画</title>
        <desc>允许你自定义修改手机过渡动画不受系统的选项限制</desc>
        <set>. ./ADB/Transition_animation.sh</set>
        <params>
            <param name="Extreme" label="极致动画0.01" type="checkbox" />
            <param name="DongHua1" title="窗口动画缩放： 请输入数值，默认值为1.5" value="1.5" type="number" required="true" />
            <param name="DongHua2" title="过渡动画缩放： 请输入数值，默认值为1.5" value="1.5" type="number" required="true" />
            <param name="DongHua3" title="动画程序时长缩放： 请输入数值，默认值为1.5" value="1.5" type="number" required="true" />
        </params>
    </action>
<!-- END -->
<!-- START -->
    <action auto-off="false" reload-page="true">
        <title>任意修改自动锁屏时间</title>
        <desc>通过数字值，随意修改自动锁屏时间，从而不受系统的选项限制。</desc>
        <set>adb2 -c settings put system screen_off_timeout $screen_off_timeout</set>
        <params>
            <param name="screen_off_timeout" title="请输入你要设置的自动锁屏时间，时间单位为：毫秒ms，1秒=1000（一千毫秒）、1分钟=60000ms（一万毫秒），默认60000" type="int" value="60000" required="true" />
        </params>
    </action>
<!-- END -->
<!-- START -->
    <action auto-off="2">
        <title>修改屏幕亮度值</title>
        <desc>通过数字值，精准的修改亮度值</desc>
        <set>. ./ADB/screen_brightness.sh</set>
        <params>
            <param name="screen_brightness" title="请输入你要设置的屏幕亮度值来更改亮度值！输入限制值范围（0-9999）" max="9999" min="0" type="int" maxlength="4" />
            <param name="screen_brightness2" title="你也可以选择滑动调整亮度" desc="只有当上方输入框没有填写数值时，滑动修改才会生效！" max="9999" min="0" type="seekbar" />
        </params>
    </action>
<!-- END -->
<!-- START -->
    <action auto-off="false">
        <title>强制旋转屏幕，(就算锁定屏幕也可以强制旋转！）</title>
        <desc>强制性旋转屏幕界面，包括竖屏反转，横屏反转（状态栏在左或者右）</desc>
        <set>. ./ADB/Rotary_screen.sh</set>
        <params>
            <param name="Rotate" options-sh="echo -e '0|［恢复默认］'\\n'1|［横屏反转］（状态栏在右边）'\\n'3|［横屏反转］（状态栏在左边）'\\n'2|［竖屏反转］（倒着照样玩）'" />
        </params>
    </action>
<!-- END -->
<!-- START -->
    <action auto-off="true">
        <title>拨打电话</title>
        <set>adb2 -c am start -a android.intent.action.CALL -d tel:$Telephone_number</set>
        <params>
            <param name="Telephone_number" title="请输入你要拨打的电话号码。只可以输入数字。" type="int" maxlength="11" required="true" />
        </params>
    </action>
<!-- END -->
</group>
<group title="下面选项可能只有原生系统可以用，具体自测！">
<!-- START -->
    <action auto-off="true">
        <title>开启电量百分比显示数字</title>
        <desc>使不显示百分比数字的手机型号显示百分比，因机型而异，具体自己测试。</desc>
        <set>./ADB/Percentage_open.sh</set>
        <params>
            <param name="battery" label="开启电量百分比" type="switch" />
        </params>
    </action>
<!-- END -->
<!-- START -->
    <action auto-off="true">
        <title>去除 x 和 !（三方定制系统可能无 x 和 !）</title>
        <desc>去除原生系统的x和!</desc>
        <set>if [[ $x == 0 ]];then echo "开始恢复默认"; adb2 -c settings delete global captive_portal_server; sleep 1; else echo "开始去除x和!"; adb2 -c settings put global captive_portal_https_url "http://connect.rom.miui.com/generate_204"; adb2 -c settings put global airplane_mode_on 1; sleep 1; adb2 -c settings put global airplane_mode_on 0; fi</set>
        <params>
            <param name="x" options-sh="echo -e '0|恢复默认'\\n'1|去除 x 和 !'" />
        </params>
    </action>
<!-- END -->
<!-- START -->
    <action auto-off="true">
        <title>虚拟键布局调整（此命令需测试，可能无效）</title>
        <desc>已知MIUI系统无用，具体自测吧！</desc>
        <set>if [[ $x == 1 ]];then echo "您选择了布局一：返回 | 主页 | 后台（菜单），即将修改"; adb2 -c settings put secure sysui_nav_bar "space,back;home;recent,space"; sleep 3; else echo "您选择了布局二：后台（菜单） | 主页 | 返回，即将修改"; adb2 -c settings put secure sysui_nav_bar "space,recent;home;back,space"; sleep 3; fi</set>
        <params>
            <param name="x" title="请选择布局风格：" options-sh="echo -e '1|返回 主页 后台（菜单）'\\n'2|后台（菜单） 主页 返回'" />
        </params>
    </action>
<!-- END -->
</group>