<?xml version="1.0" encoding="utf-8"?>
<group title="开机动画制作 MIUI">
	<!-- START -->
	<action
		reload="true"
		auto-off="true"
		title="选择视频或GIF">
		<param
			name="MP4"
			type="file"
			editable="true"
		<set>
			source ./BootAnimation/information.sh
		</set>
	</action>
	<text desc-sh="eval `cat ffmpeg.log` ;
echo -e &#34;
路径: $MP4_PATH\n\n
类型: $MP4_TYPE\n\n
时长: $MP4_TIME\n\n
帧率: $MP4_FPS\n\n
分辨率: $MP4_DPI\n\n
缓存大小(重启自动删除): $(du -s -h /data/adb/bootanimation_make | cut -d '	' -f 1)\n\n
开机动画及模块大小:\n\n
$(find /system /vendor /product /my_product/media /data/adb/modules -name 'bootanimation.zip' | xargs du -h)
&#34;"/>

	<action>
		<title>开机动画制作菜单</title>
		<param
			name="FPS"
			label="帧率"
			type="seekbar"
			max="60"
			min="0"
			value-sh="eval `cat ffmpeg.log` ; echo ${MP4_FPS%fps}"/>
		<param
			name="FORM"
			label="图片格式">
			<option value="png">png</option>
			<option value="jpg">jpg</option>
		</param>
		<param
			name="QC"
			label="图片质量（越大质量越低）"
			type="seekbar"
			max="31"
			min="0"
			value="2"/>
		<param
			name="NUM"
			label="循环次数"
			type="seekbar"
			max="5"
			min="0"
			value="0"/>
		<param
			name="TIME"
			label="预览时长"
			type="seekbar"
			max="20"
			min="0"
			value="10"/>
		<param
			name="WAIT"
			label="是否等待开机动画结束再进入锁屏"
			type="checkbox"/>
		<param
			name="USER_DPI"
			label="分辨率设置"
			option-sh="wm size | grep -oE '[0-9]+x[0-9]+'"/>
		<param
			name="USER_DPI2"
			label="自定义分辨率"
			type="text"
			placeholder="宽  高"/>
		<param
			name="DPI"
			label="铺满整屏方案">
			<option value="">适应(保持纵横比，缩放至全屏，覆盖不到的区域以下方设置颜色填充)</option>
			<option value="fill">填充(保持纵横比，缩放至全屏，超出屏幕部分裁剪)</option>
			<option value="stretch">拉伸(不考虑纵横比，强制全屏)</option>
			<option value="splice">拼接(非横屏视频勿选，复制视频上中下拼接同屏，覆盖不到以下方设置颜色填充)</option>
		</param>
		<param
			name="COLOR"
			label="背景颜色"
			type="color"
			value="#FF000000"/>
		<param
			name="FLIP"
			label="画面旋转">
			<option value="">禁用旋转</option>
			<option value="hflip">水平翻转</option>
			<option value="vflip">垂直翻转</option>
			<option value="transpose=1">顺时针旋转90度</option>
			<option value="transpose=3">顺时针旋转90度后再垂直翻转</option>
			<option value="transpose=2">逆时针旋转90度</option>
			<option value="transpose=0">逆时针旋转90度后再垂直翻转</option>
			<option value="transpose=1,transpose=1">旋转180度</option>
			<option value="">托马斯回旋360度</option>
			<option value="">托马斯超级回旋720度</option>
			<option value="">托马斯超级无敌回旋1080度</option>
			<option value="">托马斯超级无敌霹雳回旋10086度</option>
		</param>
		<param
			name="FIRST_TIME"
			label="开始时间"
			type="text"
			value="00:00:00.00"/>
		<param
			name="LAST_TIME"
			label="结束时间"
			type="text"
			value-sh="source ffmpeg.log ; echo $MP4_TIME"/>
		<param
			name="WATERMARK"
			label="水印内容"
			type="text"/>
		<param
			name="FONT1"
			label="字体选择"
			option-sh="ls /system/fonts"/>
		<param
			name="FONT2"
			label="自定义字体"
			type="file"/>
		<param
			name="SITE"
			label="水印位置"
			value="gravity=9">
			<option value="gravity=1">左上</option>
			<option value="gravity=2">上中</option>
			<option value="gravity=3">右上</option>
			<option value="gravity=4">左中</option>
			<option value="gravity=5">正中</option>
			<option value="gravity=6">右中</option>
			<option value="gravity=7">左下</option>
			<option value="gravity=8">下中</option>
			<option value="gravity=9">右下</option>
		</param>
		<param
			name="HORIZONTAL"
			label="水平边距"
			type="seekbar"
			max="100"
			min="0"
			value="10"/>
		<param
			name="VERTICAL"
			label="垂直边距"
			type="seekbar"
			max="100"
			min="0"
			value="10"/>
		<param
			name="FONT_SIZE"
			label="字体大小"
			type="seekbar"
			max="200"
			min="20"
			value="50"/>
		<param
			name="FONT_COLOR"
			label="水印字体颜色"
			type="color"
			value="#FF000000"/>
		<param
			name="BACKGROUND_COLOR"
			label="水印背景颜色"
			type="color"
			value=""/>
		<param
			name="MP3"
			label="提取对应时间的音频设为开机铃声（无声勿选）"
			value="1"
			type="checkbox"/>
		<param
			name="VOLUME"
			label="音量调整"
			type="seekbar"
			max="50"
			min="-50"
			value="0"/>
		<param
			name="MP3_NUM"
			label="音频重复次数"
			type="seekbar"
            max="10"
			min="0"
			value="3"/>
		<param name="ANIM_PATH"
			title="开机动画目录选择"
			options-sh="STR=&#34;$(find /system /vendor /product /my_product/media -name 'bootanimation.zip')&#34; ; [[ $STR ]] &#38;&#38; echo &#34;$STR&#34; || echo '/system/media/bootanimation.zip'"/>
		<param
			name="MAKEPATH"
			label="模块保存目录"
			type="folder"
			editable="true"/>
		<param
			name="MOD_NAME"
			label="模块名字"
			type="text"
			value="自制开机动画"/>
		<param
			name="MOD_ID"
			label="模块ID"
			type="text"
			value="bootanimation"/>
		<param
			name="MOD_AUTHOR"
			label="模块作者"
			type="text"
			value="我是笨蛋"/>
		<param
			name="MOD_DESC"
			label="模块介绍"
			type="text"
			value="自制开机小动画,本模块由搞机助手生成"/>
		<set>
			source ./BootAnimation/install.sh
		</set>
	</action>
	<!-- END -->
</group>

<group title="开机动画提取 MIUI">
	<!-- START -->
	<action>
		<title>开机动画提取</title>
		<param name="DPI" label="分辨率选择" options-sh="[[ ! -f /system/media/bootanimation.zip ]] &#38;&#38; echo '未找到开机动画，联系作者解决' &#38;&#38; exit 0 ; unzip -oq /system/media/bootanimation.zip 'desc.txt' ; W=`cat desc.txt | head -n 1 | cut -d ' ' -f 1` ; H=`cat desc.txt | head -n 1 | cut -d ' ' -f 2` ; dpi(){ &#x000A; echo $1:$(( $1 *$H / $W )) &#x000A; } ; echo '原分辨率' ; dpi 128 ; dpi 144 ; dpi 192 ; dpi 240 ; dpi 360 ; dpi 480 ; dpi 600 ; dpi 720 ; dpi 1024 ; dpi 1280 ; dpi 1920 ; dpi 2560 ; dpi 4096"/>
		<param name="FORMAT" label="提取格式选择">
			<option>mp4</option>
			<option>gif</option>
		</param>
		<param name="OUTPATH" label="提取目录选择" type="folder"/>
		<set>
			source ./BootAnimation/extract.sh
		</set>
	</action>
	<!-- END -->
</group>