<?xml version="1.0" encoding="utf-8"?>
<group title="">
	<text>
		<slice color="#FF6800" break="true">Notice:</slice>
		<slice color="#FF6800" break="true">        --摸了无数天的鱼终于把构想中的功能全写出来了，bug暂时测试尚未发现，有更多功能想法或者bug发现的可以搞机一群搜索QQ499883779或者酷安私信</slice>
		<slice color="#FF6800" break="true">        --已有的开机动画压缩包改一些参数可以先刷入然后提取成视频再重新做(懒得写命令了)</slice>
	</text>
</group>

<group title="开机动画制作 MIUI">
	<!-- START -->
	<action
		reload="true"
		auto-off="true"
		title="选择视频或GIF">
		<param
			name="MP4"
			type="file"
			editable="true"
			title="视频选择 格式限制不分大小写gif或者其他主流格式的视频"/>
		<set>
			source ./BootAnimation/information.sh
		</set>
	</action>
	<text desc-sh="eval `cat ffmpeg.log` ;
echo -e &#34;
--路径: $MP4_PATH\n\n
--类型: $MP4_TYPE\n\n
--时长: $MP4_TIME\n\n
--帧数: $MP4_FPS\n\n
--分辨率: $MP4_DPI\n\n
--缓存大小(重启自动删除): $(du -s -h /data/adb/bootanimation_make | cut -d '	' -f 1)\n\n
--开机动画及模块大小:\n\n
$(find /system /vendor /product /my_product/media /data/adb/modules -name 'bootanimation.zip' | xargs du -h)
&#34;"/>

	<action>
		<title>开机动画制作菜单</title>
		<param
			name="FPS"
			title="㈠ 动画播放相关参数&#x000A;&#x000A;    ①每秒播放帧数:&#x000A;        0和默认均为原视频帧数 此帧数非动画实际播放帧数 不是说越高越好 谷歌说13效果最高 具体自测"
			label="每秒播放帧数"
			type="seekbar"
			max="60"
			min="0"
			value-sh="eval `cat ffmpeg.log` ; echo ${MP4_FPS%fps}"/>
		<param
			name="FORM"
			title="    ②图片格式:&#x000A;         提取图片格式选择"
			label="图片格式">
			<option value="png">png(不可压缩，占用空间为jpg的10倍左右)</option>
			<option value="jpg">jpg(可压缩，颜色显示可能不太对劲，占用空间极小)</option>
		</param>
		<param
			name="QC"
			title="    ③图片质量:&#x000A;        png格式此选项没多大用，推荐值:2-5 数值越大占用空间越小质量也越低"
			label="图片质量"
			type="seekbar"
			max="31"
			min="0"
			value="2"/>
		<param
			name="NUM"
			title="    ④动画循环次数:&#x000A;        0为无限 一般没必要改 默认即可"
			label="循环次数"
			type="seekbar"
			max="5"
			min="0"
			value="0"/>
		<param
			name="TIME"
			title="    ⑤预览动画时长:&#x000A;        如果直接装在系统里面的话装完会自动播放一遍开机动画 此设置项为测试播放的时长"
			label="预览时长"
			type="seekbar"
			max="20"
			min="0"
			value="10"/>
		<param
			name="WAIT"
			title="    ⑥等待动画结束:&#x000A;        眼睛没问题应该都懂 打钩为等待结束"
			label="是否等待开机动画结束再进入锁屏"
			type="checkbox"/>
		<param
			name="USER_DPI"
			title="㈡ 动画制作选项&#x000A;&#x000A;    ①分辨率设置:&#x000A;        此设置项为当前手机的分辨率 如果为其他机型移植 在下方框内填写目标机型:宽 高 (顶头写，空格隔开，空格个数随意)&#x000A;            ⒈本机分辨率识别"
			label="分辨率设置"
			option-sh="wm size | grep -oE '[0-9]+x[0-9]+'"/>
		<param
			name="USER_DPI2"
			title="            ⒉自由填写分辨率"
			label="分辨率填写"
			type="text"
			placeholder="宽  高"/>
		<param
			name="DPI"
			title="    ②铺满整屏方案:&#x000A;        适应和拼接无法全屏，需要配合调整下方颜色填充&#x000A;            ⒈方案选择"
			label="铺满整屏方案">
			<option value="">适应(保持纵横比，缩放至全屏，覆盖不到的区域以下方设置颜色填充)</option>
			<option value="fill">填充(保持纵横比，缩放至全屏，超出屏幕部分裁剪)</option>
			<option value="stretch">拉伸(不考虑纵横比，强制全屏)</option>
			<option value="splice">拼接(非横屏视频勿选，复制视频上中下拼接同屏，覆盖不到以下方设置颜色填充)</option>
		</param>
		<param
			name="COLOR"
			title="            ⒉填充颜色选择&#x000A;                适应和拼接无法覆盖到全屏，未覆盖部分以选择色彩填充，A勿选，调整RGB选取喜欢的背景色彩"
			label="背景色彩"
			type="color"
			value="#FF000000"/>
		<param
			name="FLIP"
			title="    ③视频旋转:&#x000A;        调整视频旋转或者翻转"
			label="旋转or翻转">
			<option value="">禁用旋转</option>
			<option value="hflip">水平翻转</option>
			<option value="vflip">垂直翻转</option>
			<option value="transpose=1">顺时针旋转90度</option>
			<option value="transpose=3">顺时针旋转90度后再垂直翻转</option>
			<option value="transpose=2">逆时针旋转90度</option>
			<option value="transpose=0">逆时针旋转90度后再垂直翻转</option>
			<option value="transpose=1,transpose=1">旋转180度</option>
			<option value="">托马斯回旋360度</option>
			<option value="">托马斯超级回旋720度</option>
			<option value="">托马斯超级无敌回旋1080度</option>
			<option value="">托马斯超级无敌霹雳回旋10086度</option>
		</param>
		<param
			name="FIRST_TIME"
			title="    ④截取视频:&#x000A;        默认为最小值 格式 时:分:秒.毫秒&#x000A;            ⒈开始时间"
			label="开始时间"
			type="text"
			value="00:00:00.00"/>
		<param
			name="LAST_TIME"
			title="            ⒉结束时间"
			label="结束时间"
			type="text"
			value-sh="source ffmpeg.log ; echo $MP4_TIME"/>
		<param
			name="WATERMARK"
			title="    ⑤水印:(暂未开放)&#x000A;        开机动画中添加水印 暂仅支持文字水印&#x000A;            ⒈水印内容填写"
			label="水印内容"
			type="text"/>
		<param
			name="FONT1"
			title="            ⒉水印字体选择:&#x000A;                ¹ 选择系统字体"
			label="字体选择"
			option-sh="ls /system/fonts"/>
		<param
			name="FONT2"
			title="                ² 选择本机字体"
			label="字体选择"
			type="file"/>
		<param
			name="SITE"
			title="            ⒊水印位置选择:&#x000A;                ¹位置选择"
			label="水印位置"
			value="gravity=9">
			<option value="gravity=1">左上</option>
			<option value="gravity=2">上中</option>
			<option value="gravity=3">右上</option>
			<option value="gravity=4">左中</option>
			<option value="gravity=5">正中</option>
			<option value="gravity=6">右中</option>
			<option value="gravity=7">左下</option>
			<option value="gravity=8">下中</option>
			<option value="gravity=9">右下</option>
		</param>
		<param
			name="HORIZONTAL"
			title="                ²水印横向边距:&#x000A;                    文字距离左边或右边的距离(水平居中失效)"
			label="水平边距"
			type="seekbar"
			max="100"
			min="0"
			value="10"/>
		<param
			name="VERTICAL"
			title="                ³水印纵向边距:&#x000A;                    文字距离上边或下边的距离(垂直居中失效)"
			label="垂直边距"
			type="seekbar"
			max="100"
			min="0"
			value="10"/>
		<param
			name="FONT_SIZE"
			title="            ⒋水印字体大小"
			label="字体大小"
			type="seekbar"
			max="200"
			min="20"
			value="50"/>
		<param
			name="FONT_COLOR"
			title="            ⒌水印字体颜色选择"
			label="水印字体颜色"
			type="color"
			value="#FF000000"/>
		<param
			name="BACKGROUND_COLOR"
			title="            ⒍水印背景颜色选择&#x000A;                留空取消背景"
			label="水印背景颜色"
			type="color"
			value=""/>
		<param
			name="MP3"
			title="㈢ 音频提取&#x000A;&#x000A;    ①同时提取对应时间的音频设为开机铃声:&#x000A;        无声视频打开此项可能导致开机动画黑屏无法播放"
			label="同时提取对应时间的音频设为开机铃声"
			value="1"
			type="checkbox"/>
		<param
			name="VOLUME"
			title="    ②音量调整:&#x000A;        放大或者减小，单位:dB，过大可能导致音频无法播放从而导致开机动画黑屏"
			label="音量调整"
			type="seekbar"
			max="50"
			min="-50"
			value="0"/>
		<param
			name="MP3_NUM"
			title="    ③音频重复次数:&#x000A;        防止视频过短还没开机自动重复播放的时候没声音"
			label="音频重复次数"
			type="seekbar"
            max="10"
			min="0"
			value="3"/>
		<param name="ANIM_PATH"
			title="㈣ 开机动画目录选择"
			options-sh="STR=&#34;$(find /system /vendor /product /my_product/media -name 'bootanimation.zip')&#34; ; [[ $STR ]] &#38;&#38; echo &#34;$STR&#34; || echo '/system/media/bootanimation.zip'"/>
		<param
			name="MAKEPATH"
			title="以下为仅制作为面具模块选项，移植专用，选择目录开启模块制作"
			label="模块保存目录选择"
			type="folder"
			editable="true"/>
		<param
			name="MOD_NAME"
			title="模块的名字，制作保存为设置好的名字.zip"
			label="模块名字"
			type="text"
			value="自制开机动画"/>
		<param
			name="MOD_ID"
			title="模块id，应满足正则^[a-zA-Z][a-zA-Z0-9._-]+$ 不懂就全英文或者干脆别动"
			label="模块id"
			type="text"
			value="bootanimation"/>
		<param
			name="MOD_AUTHOR"
			label="模块作者"
			type="text"
			value="我是笨蛋"/>
		<param
			name="MOD_DESC"
			label="模块介绍"
			type="text"
			value="自制开机小动画,本模块由搞机助手生成"/>
		<set>
			source ./BootAnimation/install.sh
		</set>
	</action>
	<!-- END -->
</group>

<group title="开机动画提取 MIUI">
	<!-- START -->
	<action>
		<title>开机动画提取</title>
		<param name="DPI" label="分辨率选择" options-sh="[[ ! -f /system/media/bootanimation.zip ]] &#38;&#38; echo '未找到开机动画，联系作者解决' &#38;&#38; exit 0 ; unzip -oq /system/media/bootanimation.zip 'desc.txt' ; W=`cat desc.txt | head -n 1 | cut -d ' ' -f 1` ; H=`cat desc.txt | head -n 1 | cut -d ' ' -f 2` ; dpi(){ &#x000A; echo $1:$(( $1 *$H / $W )) &#x000A; } ; echo '原分辨率' ; dpi 128 ; dpi 144 ; dpi 192 ; dpi 240 ; dpi 360 ; dpi 480 ; dpi 600 ; dpi 720 ; dpi 1024 ; dpi 1280 ; dpi 1920 ; dpi 2560 ; dpi 4096"/>
		<param name="FORMAT" label="提取格式选择">
			<option>mp4</option>
			<option>gif</option>
		</param>
		<param name="OUTPATH" label="提取目录选择" type="folder"/>
		<set>
			source ./BootAnimation/extract.sh
		</set>
	</action>
	<!-- END -->
</group>